prefecture,admin2,n,admin2_type,admin2_area_km2,admin2_coastline_km,admin2_coastline_km_per_1000km2,admin2_river_km,admin2_river_km_per_1000km2,admin2_lake_area_km2,admin2_lake_area_pct,river_source,lake_source,coastline_source
宮城県,仙台市,33,Shi,788.112,0.0,0.0,686.398,870.9397,0.0,0.0,mlit_w05,natural_earth_10m,natural_earth_10m
京都府,京都市,30,Shi,846.65,0.0,0.0,1127.01,1331.1404,0.0,0.0,mlit_w05,natural_earth_10m,natural_earth_10m
沖縄県,沖縄市,23,Shi,49.45,2.991,60.4853,27.859,563.3771,0.0,0.0,mlit_w05,natural_earth_10m,natural_earth_10m
三重県,伊勢市,21,Shi,209.627,13.977,66.6756,201.023,958.9557,0.0,0.0,mlit_w05,natural_earth_10m,natural_earth_10m
新潟県,佐渡市,20,Shi,858.519,76.261,88.8286,674.184,785.2872,0.0,0.0,mlit_w05,natural_earth_10m,natural_earth_10m
神奈川県,横浜市,19,Shi,422.387,8.885,21.0352,328.752,778.3194,0.0,0.0,mlit_w05,natural_earth_10m,natural_earth_10m
大阪府,大阪市,18,Shi,223.313,3.955,17.7106,157.133,703.6447,0.0,0.0,mlit_w05,natural_earth_10m,natural_earth_10m
長野県,諏訪市,16,Shi,110.572,0.0,0.0,113.867,1029.7996,0.0,0.0,mlit_w05,natural_earth_10m,natural_earth_10m
三重県,志摩市,16,Shi,188.662,23.202,122.9818,142.244,753.9621,0.0,0.0,mlit_w05,natural_earth_10m,natural_earth_10m
愛媛県,松山市,15,Shi,446.601,19.906,44.5722,395.028,884.5211,0.0,0.0,mlit_w05,natural_earth_10m,natural_earth_10m
青森県,八戸市,12,Shi,311.574,7.943,25.4931,151.661,486.7576,0.0,0.0,mlit_w05,natural_earth_10m,natural_earth_10m
静岡県,大井川町,11,Machi,20.461,0.9,43.9861,35.267,1723.6205,0.0,0.0,mlit_w05,natural_earth_10m,natural_earth_10m
静岡県,静岡市,11,Shi,1357.756,20.185,14.8664,1333.476,982.1176,0.0,0.0,mlit_w05,natural_earth_10m,natural_earth_10m
秋田県,秋田市,11,Shi,970.149,7.355,7.5813,814.339,839.3958,0.0,0.0,mlit_w05,natural_earth_10m,natural_earth_10m
愛媛県,伊予市,11,Shi,204.41,18.417,90.0983,175.743,859.7574,0.0,0.0,mlit_w05,natural_earth_10m,natural_earth_10m
奈良県,奈良市,11,Shi,276.312,0.0,0.0,234.929,850.2309,0.0,0.0,mlit_w05,natural_earth_10m,natural_earth_10m
長崎県,長崎市,11,Shi,402.311,58.645,145.7703,242.788,603.4834,0.0,0.0,mlit_w05,natural_earth_10m,natural_earth_10m
神奈川県,鎌倉市,11,Shi,38.046,0.947,24.8909,25.893,680.5709,0.0,0.0,mlit_w05,natural_earth_10m,natural_earth_10m
島根県,出雲市,10,Shi,543.084,12.194,22.4532,704.099,1296.4827,0.0,0.0,mlit_w05,natural_earth_10m,natural_earth_10m
長野県,佐久市,10,Shi,423.493,0.0,0.0,446.283,1053.8143,0.0,0.0,mlit_w05,natural_earth_10m,natural_earth_10m
岡山県,総社市,10,Shi,215.429,0.0,0.0,203.742,945.7501,0.0,0.0,mlit_w05,natural_earth_10m,natural_earth_10m
福島県,いわき市,10,Shi,1211.305,7.06,5.8284,993.903,820.5225,0.0,0.0,mlit_w05,natural_earth_10m,natural_earth_10m
長崎県,島原市,9,Shi,92.881,8.756,94.2712,85.617,921.7924,0.0,0.0,mlit_w05,natural_earth_10m,natural_earth_10m
鹿児島県,鹿児島市,9,Shi,520.0,34.662,66.6577,273.947,526.8212,0.0,0.0,mlit_w05,natural_earth_10m,natural_earth_10m
香川県,高松市,9,Shi,390.366,23.805,60.9812,357.382,915.5049,0.0,0.0,mlit_w05,natural_earth_10m,natural_earth_10m
鳥取県,鳥取市,9,Shi,775.633,8.131,10.4831,852.827,1099.5239,0.0,0.0,mlit_w05,natural_earth_10m,natural_earth_10m
長野県,信濃町,9,Machi,136.811,0.0,0.0,106.479,778.2927,0.0,0.0,mlit_w05,natural_earth_10m,natural_earth_10m
岡山県,岡山市,9,Shi,755.406,16.603,21.9789,765.97,1013.9845,0.0,0.0,mlit_w05,natural_earth_10m,natural_earth_10m
岡山県,新見市,9,Shi,812.727,0.0,0.0,529.716,651.7761,0.0,0.0,mlit_w05,natural_earth_10m,natural_earth_10m
徳島県,阿波市,8,Shi,198.15,0.0,0.0,282.72,1426.7979,0.0,0.0,mlit_w05,natural_earth_10m,natural_earth_10m
沖縄県,那覇市,8,Shi,44.502,3.712,83.412,35.091,788.5264,0.0,0.0,mlit_w05,natural_earth_10m,natural_earth_10m
山形県,米沢市,8,Shi,550.547,0.0,0.0,518.734,942.2157,0.0,0.0,mlit_w05,natural_earth_10m,natural_earth_10m
岡山県,笠岡市,8,Shi,136.301,12.449,91.3346,73.737,540.9865,0.0,0.0,mlit_w05,natural_earth_10m,natural_earth_10m
愛知県,名古屋市,7,Shi,304.931,7.103,23.2938,240.54,788.8342,0.0,0.0,mlit_w05,natural_earth_10m,natural_earth_10m
岩手県,遠野市,7,Shi,811.409,0.0,0.0,609.324,750.9456,0.0,0.0,mlit_w05,natural_earth_10m,natural_earth_10m
埼玉県,秩父市,7,Shi,580.406,0.0,0.0,551.417,950.0539,0.0,0.0,mlit_w05,natural_earth_10m,natural_earth_10m
宮城県,名取市,7,Shi,98.172,0.183,1.8641,90.759,924.4897,0.0,0.0,mlit_w05,natural_earth_10m,natural_earth_10m
岡山県,矢掛町,7,Machi,89.108,0.0,0.0,87.666,983.8174,0.0,0.0,mlit_w05,natural_earth_10m,natural_earth_10m
静岡県,富士川町,7,Machi,33.742,0.0,0.0,32.955,976.676,0.0,0.0,mlit_w05,natural_earth_10m,natural_earth_10m
長崎県,対馬市,6,Shi,751.925,140.627,187.0226,366.966,488.0354,0.0,0.0,mlit_w05,natural_earth_10m,natural_earth_10m
徳島県,徳島市,6,Shi,188.63,2.861,15.1673,226.995,1203.3876,0.0,0.0,mlit_w05,natural_earth_10m,natural_earth_10m
石川県,白山市,6,Shi,763.23,3.596,4.7116,675.789,885.433,0.0,0.0,mlit_w05,natural_earth_10m,natural_earth_10m
茨城県,水戸市,6,Shi,212.665,0.0,0.0,124.066,583.387,0.0,0.0,mlit_w05,natural_earth_10m,natural_earth_10m
栃木県,宇都宮市,6,Shi,421.809,0.0,0.0,333.996,791.8181,0.0,0.0,mlit_w05,natural_earth_10m,natural_earth_10m
長野県,伊那市,6,Shi,680.027,0.0,0.0,638.606,939.0892,0.0,0.0,mlit_w05,natural_earth_10m,natural_earth_10m
和歌山県,日高川町,5,Machi,334.679,0.0,0.0,310.383,927.4051,0.0,0.0,mlit_w05,natural_earth_10m,natural_earth_10m
岡山県,美作市,5,Shi,429.681,0.0,0.0,408.098,949.7697,0.0,0.0,mlit_w05,natural_earth_10m,natural_earth_10m
長崎県,平戸市,5,Shi,251.36,55.481,220.7233,134.892,536.6486,0.0,0.0,mlit_w05,natural_earth_10m,natural_earth_10m
大阪府,摂津市,5,Shi,16.996,0.0,0.0,44.641,2626.5592,0.0,0.0,mlit_w05,natural_earth_10m,natural_earth_10m
岩手県,盛岡市,5,Shi,879.652,0.0,0.0,609.272,692.6284,0.0,0.0,mlit_w05,natural_earth_10m,natural_earth_10m
富山県,立山町,5,Machi,303.246,0.0,0.0,287.333,947.5245,0.0,0.0,mlit_w05,natural_earth_10m,natural_earth_10m
青森県,十和田市,5,Shi,737.316,0.0,0.0,686.942,931.6792,0.0,0.0,mlit_w05,natural_earth_10m,natural_earth_10m
高知県,高知市,5,Shi,259.874,0.95,3.6556,265.564,1021.8952,0.0,0.0,mlit_w05,natural_earth_10m,natural_earth_10m
三重県,桑名市,5,Shi,135.192,0.535,3.9573,152.005,1124.3639,0.0,0.0,mlit_w05,natural_earth_10m,natural_earth_10m
鳥取県,伯耆町,5,Machi,150.834,0.0,0.0,194.442,1289.1125,0.0,0.0,mlit_w05,natural_earth_10m,natural_earth_10m
神奈川県,藤沢市,5,Shi,66.306,0.0,0.0,46.963,708.2768,0.0,0.0,mlit_w05,natural_earth_10m,natural_earth_10m
愛媛県,宇和島市,5,Shi,498.426,40.628,81.5126,376.832,756.044,0.0,0.0,mlit_w05,natural_earth_10m,natural_earth_10m
福島県,福島市,5,Shi,733.228,0.0,0.0,681.671,929.6849,0.0,0.0,mlit_w05,natural_earth_10m,natural_earth_10m
東京都,目黒区,5,SpecialWard,18.824,0.0,0.0,11.613,616.9252,0.0,0.0,mlit_w05,natural_earth_10m,natural_earth_10m
長野県,栄村,5,Mura,247.808,0.0,0.0,203.935,822.9557,0.0,0.0,mlit_w05,natural_earth_10m,natural_earth_10m
山形県,山形市,5,Shi,375.267,0.0,0.0,312.834,833.6305,0.0,0.0,mlit_w05,natural_earth_10m,natural_earth_10m
和歌山県,和歌山市,4,Shi,211.228,11.962,56.6307,247.995,1174.0631,0.0,0.0,mlit_w05,natural_earth_10m,natural_earth_10m
福岡県,豊前市,4,Shi,115.176,3.864,33.5487,107.813,936.0718,0.0,0.0,mlit_w05,natural_earth_10m,natural_earth_10m
兵庫県,神戸市,4,Shi,562.717,19.954,35.4601,643.988,1144.4261,0.0,0.0,mlit_w05,natural_earth_10m,natural_earth_10m
東京都,八王子市,4,Shi,188.097,0.0,0.0,190.109,1010.6966,0.0,0.0,mlit_w05,natural_earth_10m,natural_earth_10m
兵庫県,西宮市,4,Shi,91.501,1.58,17.2676,118.021,1289.8329,0.0,0.0,mlit_w05,natural_earth_10m,natural_earth_10m
福井県,敦賀市,4,Shi,255.743,6.407,25.0525,181.226,708.6255,0.0,0.0,mlit_w05,natural_earth_10m,natural_earth_10m
鹿児島県,徳之島町,4,Machi,93.245,11.943,128.0819,65.643,703.9841,0.0,0.0,mlit_w05,natural_earth_10m,natural_earth_10m
福岡県,太宰府市,4,Shi,29.465,0.0,0.0,20.584,698.5915,0.0,0.0,mlit_w05,natural_earth_10m,natural_earth_10m
兵庫県,洲本市,4,Shi,191.121,15.868,83.0259,172.486,902.4963,0.0,0.0,mlit_w05,natural_earth_10m,natural_earth_10m
長野県,白馬村,4,Mura,188.848,0.0,0.0,119.278,631.6085,0.0,0.0,mlit_w05,natural_earth_10m,natural_earth_10m
千葉県,千葉市,4,Shi,274.691,8.806,32.0578,162.107,590.1431,0.0,0.0,mlit_w05,natural_earth_10m,natural_earth_10m
東京都,渋谷区,4,SpecialWard,13.971,0.0,0.0,2.731,195.4763,0.0,0.0,mlit_w05,natural_earth_10m,natural_earth_10m
山梨県,身延町,4,Machi,299.187,0.0,0.0,322.153,1076.7614,0.0,0.0,mlit_w05,natural_earth_10m,natural_earth_10m
京都府,亀岡市,4,Shi,228.831,0.0,0.0,265.897,1161.9798,0.0,0.0,mlit_w05,natural_earth_10m,natural_earth_10m
岡山県,津山市,4,Shi,510.167,0.0,0.0,421.21,825.6316,0.0,0.0,mlit_w05,natural_earth_10m,natural_earth_10m
宮城県,色麻町,4,Machi,112.486,0.0,0.0,132.761,1180.2447,0.0,0.0,mlit_w05,natural_earth_10m,natural_earth_10m
神奈川県,箱根町,4,Machi,90.634,0.0,0.0,88.012,971.0705,0.0,0.0,mlit_w05,natural_earth_10m,natural_earth_10m
神奈川県,小田原市,4,Shi,110.498,3.398,30.7517,98.112,887.9075,0.0,0.0,mlit_w05,natural_earth_10m,natural_earth_10m
山梨県,甲府市,4,Shi,203.533,0.0,0.0,217.073,1066.5248,0.0,0.0,mlit_w05,natural_earth_10m,natural_earth_10m
静岡県,磐田市,4,Shi,172.144,3.836,22.2837,398.074,2312.4477,0.0,0.0,mlit_w05,natural_earth_10m,natural_earth_10m
熊本県,天草市,3,Shi,824.144,126.26,153.2014,714.818,867.346,0.0,0.0,mlit_w05,natural_earth_10m,natural_earth_10m
長野県,松本市,3,Shi,944.82,0.0,0.0,758.155,802.4333,0.0,0.0,mlit_w05,natural_earth_10m,natural_earth_10m
兵庫県,明石,3,Shi,52.477,5.744,109.4575,37.942,723.0215,0.0,0.0,mlit_w05,natural_earth_10m,natural_earth_10m
千葉県,印旛村,3,Machi,47.069,0.0,0.0,56.565,1201.7464,0.0,0.0,mlit_w05,natural_earth_10m,natural_earth_10m
福島県,磐梯町,3,Machi,65.039,0.0,0.0,99.093,1523.5935,0.0,0.0,mlit_w05,natural_earth_10m,natural_earth_10m
福井県,若狭町,3,Machi,180.727,3.581,19.8144,165.476,915.6131,0.0,0.0,mlit_w05,natural_earth_10m,natural_earth_10m
山梨県,韮崎市,3,Shi,144.572,0.0,0.0,146.016,1009.9881,0.0,0.0,mlit_w05,natural_earth_10m,natural_earth_10m
神奈川県,横須賀市,3,Shi,98.916,12.036,121.679,62.237,629.1904,0.0,0.0,mlit_w05,natural_earth_10m,natural_earth_10m
佐賀県,佐賀市,3,Shi,450.416,5.016,11.1364,455.51,1011.3095,0.0,0.0,mlit_w05,natural_earth_10m,natural_earth_10m
三重県,熊野市,3,Shi,435.351,7.365,16.9174,452.216,1038.7389,0.0,0.0,mlit_w05,natural_earth_10m,natural_earth_10m
宮崎県,高千穂町,3,Machi,211.416,0.0,0.0,157.82,746.4903,0.0,0.0,mlit_w05,natural_earth_10m,natural_earth_10m
長野県,長野市,3,Shi,739.015,0.0,0.0,658.944,891.6517,0.0,0.0,mlit_w05,natural_earth_10m,natural_earth_10m
三重県,四日市市,3,Shi,201.748,4.662,23.108,244.718,1212.9885,0.0,0.0,mlit_w05,natural_earth_10m,natural_earth_10m
福岡県,久留米市,3,Shi,230.723,0.0,0.0,287.534,1246.2303,0.0,0.0,mlit_w05,natural_earth_10m,natural_earth_10m
福岡県,筑後市,3,Shi,48.255,0.0,0.0,53.423,1107.0977,0.0,0.0,mlit_w05,natural_earth_10m,natural_earth_10m
秋田県,男鹿市,3,Shi,240.053,19.083,79.4949,119.983,499.8188,0.0,0.0,mlit_w05,natural_earth_10m,natural_earth_10m
栃木県,日光市,3,Shi,1444.455,0.0,0.0,1255.028,868.8592,0.0,0.0,mlit_w05,natural_earth_10m,natural_earth_10m
岡山県,備前市,3,Shi,268.819,10.935,40.6779,203.27,756.1593,0.0,0.0,mlit_w05,natural_earth_10m,natural_earth_10m
新潟県,新潟市,3,Shi,778.446,29.064,37.3359,847.427,1088.6137,0.0,0.0,mlit_w05,natural_earth_10m,natural_earth_10m
大分県,臼杵市,3,Shi,296.743,8.069,27.1919,263.224,887.0437,0.0,0.0,mlit_w05,natural_earth_10m,natural_earth_10m
山梨県,甲州市,3,Shi,268.645,0.0,0.0,231.212,860.66,0.0,0.0,mlit_w05,natural_earth_10m,natural_earth_10m
群馬県,片品村,3,Machi,385.192,0.0,0.0,433.377,1125.0935,0.0,0.0,mlit_w05,natural_earth_10m,natural_earth_10m
神奈川県,川崎市,3,Shi,144.526,6.614,45.7634,78.653,544.2135,0.0,0.0,mlit_w05,natural_earth_10m,natural_earth_10m
鹿児島県,志布志市,3,Shi,291.047,4.309,14.8052,236.644,813.0783,0.0,0.0,mlit_w05,natural_earth_10m,natural_earth_10m
熊本県,人吉市,3,Shi,214.935,0.0,0.0,220.254,1024.747,0.0,0.0,mlit_w05,natural_earth_10m,natural_earth_10m
宮城県,涌谷町,3,Machi,81.215,0.0,0.0,91.09,1121.5908,0.0,0.0,mlit_w05,natural_earth_10m,natural_earth_10m
兵庫県,尼崎市,3,Machi,50.541,0.5,9.893,60.918,1205.3185,0.0,0.0,mlit_w05,natural_earth_10m,natural_earth_10m
鹿児島県,宇検村,3,Mura,114.332,22.549,197.2239,59.042,516.4084,0.0,0.0,mlit_w05,natural_earth_10m,natural_earth_10m
佐賀県,唐津市,3,Shi,505.139,31.978,63.3053,430.875,852.983,0.0,0.0,mlit_w05,natural_earth_10m,natural_earth_10m
長野県,飯綱,3,Machi,80.683,0.0,0.0,65.853,816.1942,0.0,0.0,mlit_w05,natural_earth_10m,natural_earth_10m
石川県,金沢市,3,Shi,477.597,0.0,0.0,497.969,1042.6552,0.0,0.0,mlit_w05,natural_earth_10m,natural_earth_10m
東京都,品川区,3,SpecialWard,26.384,2.425,91.9118,8.514,322.6956,0.0,0.0,mlit_w05,natural_earth_10m,natural_earth_10m
富山県,砺波市,3,Shi,125.18,0.0,0.0,143.003,1142.379,0.0,0.0,mlit_w05,natural_earth_10m,natural_earth_10m
鹿児島県,瀬戸内町,3,Machi,244.345,55.785,228.3042,83.578,342.0492,0.0,0.0,mlit_w05,natural_earth_10m,natural_earth_10m
茨城県,古河市,3,Shi,122.773,0.0,0.0,91.268,743.3882,0.0,0.0,mlit_w05,natural_earth_10m,natural_earth_10m
静岡県,下田市,3,Shi,105.845,2.177,20.5678,69.238,654.1452,0.0,0.0,mlit_w05,natural_earth_10m,natural_earth_10m
静岡県,沼津市,3,Shi,186.431,17.301,92.8011,162.32,870.6707,0.0,0.0,mlit_w05,natural_earth_10m,natural_earth_10m
静岡県,富士市,3,Shi,213.573,10.474,49.0418,197.534,924.9016,0.0,0.0,mlit_w05,natural_earth_10m,natural_earth_10m
滋賀県,大津市,3,Shi,377.911,0.0,0.0,378.14,1000.606,3.475,0.9195,mlit_w05,natural_earth_10m,natural_earth_10m
静岡県,伊東市,3,Shi,131.145,6.963,53.0939,48.018,366.1443,0.0,0.0,mlit_w05,natural_earth_10m,natural_earth_10m
岡山県,倉敷市,3,Shi,358.91,18.432,51.3555,361.077,1006.0377,0.0,0.0,mlit_w05,natural_earth_10m,natural_earth_10m
長野県,阿南町,3,Machi,117.874,0.0,0.0,167.974,1425.0301,0.0,0.0,mlit_w05,natural_earth_10m,natural_earth_10m
群馬県,太田市,3,Shi,176.468,0.0,0.0,126.691,717.9262,0.0,0.0,mlit_w05,natural_earth_10m,natural_earth_10m
岡山県,玉野市,3,Shi,101.312,9.589,94.6482,76.82,758.2517,0.0,0.0,mlit_w05,natural_earth_10m,natural_earth_10m
岡山県,高梁市,3,Shi,552.255,0.0,0.0,494.168,894.8185,0.0,0.0,mlit_w05,natural_earth_10m,natural_earth_10m
長野県,上田市,3,Shi,559.185,0.0,0.0,493.228,882.048,0.0,0.0,mlit_w05,natural_earth_10m,natural_earth_10m
長野県,塩尻市,3,Shi,291.872,0.0,0.0,212.605,728.4186,0.0,0.0,mlit_w05,natural_earth_10m,natural_earth_10m
静岡県,三島市,3,Shi,60.337,0.0,0.0,78.02,1293.0706,0.0,0.0,mlit_w05,natural_earth_10m,natural_earth_10m
宮崎県,諸塚村,3,Mura,193.709,0.0,0.0,130.854,675.5184,0.0,0.0,mlit_w05,natural_earth_10m,natural_earth_10m
栃木県,足利市,2,Shi,176.335,0.0,0.0,176.785,1002.552,0.0,0.0,mlit_w05,natural_earth_10m,natural_earth_10m
茨城県,茨城町,2,Machi,110.637,0.0,0.0,61.721,557.8694,0.0,0.0,mlit_w05,natural_earth_10m,natural_earth_10m
山口県,防府市,2,Shi,186.874,9.765,52.2545,133.442,714.0747,0.0,0.0,mlit_w05,natural_earth_10m,natural_earth_10m
愛知県,豊橋市,2,Shi,259.651,18.802,72.4126,265.474,1022.4263,0.0,0.0,mlit_w05,natural_earth_10m,natural_earth_10m
奈良県,吉野町,2,Machi,97.994,0.0,0.0,100.598,1026.5731,0.0,0.0,mlit_w05,natural_earth_10m,natural_earth_10m
奈良県,大和郡山市,2,Shi,37.929,0.0,0.0,54.283,1431.174,0.0,0.0,mlit_w05,natural_earth_10m,natural_earth_10m
岩手県,雫石町,2,Machi,602.806,0.0,0.0,594.685,986.528,0.0,0.0,mlit_w05,natural_earth_10m,natural_earth_10m
長崎県,雲仙市,2,Shi,213.166,19.337,90.7133,213.996,1003.8937,0.0,0.0,mlit_w05,natural_earth_10m,natural_earth_10m
山口県,周防大島町,2,Machi,142.169,37.888,266.4997,60.856,428.0539,0.0,0.0,mlit_w05,natural_earth_10m,natural_earth_10m
北海道,松前町,2,Machi,291.439,10.103,34.6659,266.544,914.579,0.0,0.0,mlit_w05,natural_earth_10m,natural_earth_10m
東京都,青梅市,2,Shi,109.291,0.0,0.0,104.357,954.8545,0.0,0.0,mlit_w05,natural_earth_10m,natural_earth_10m
沖縄県,糸満市,2,Shi,50.502,5.172,102.4118,9.948,196.9823,0.0,0.0,mlit_w05,natural_earth_10m,natural_earth_10m
岐阜県,美濃市,2,Shi,117.381,0.0,0.0,125.07,1065.5046,0.0,0.0,mlit_w05,natural_earth_10m,natural_earth_10m
長野県,立科町,2,Machi,72.35,0.0,0.0,96.051,1327.5881,0.0,0.0,mlit_w05,natural_earth_10m,natural_earth_10m
千葉県,九十九里町,2,Machi,19.973,1.555,77.8551,13.151,658.4389,0.0,0.0,mlit_w05,natural_earth_10m,natural_earth_10m
福島県,鮫川村,2,Mura,134.598,0.0,0.0,77.842,578.3295,0.0,0.0,mlit_w05,natural_earth_10m,natural_earth_10m
大阪府,松原市,2,Shi,14.744,0.0,0.0,15.063,1021.6359,0.0,0.0,mlit_w05,natural_earth_10m,natural_earth_10m
鳥取県,若桜町,2,Machi,204.357,0.0,0.0,189.488,927.2401,0.0,0.0,mlit_w05,natural_earth_10m,natural_earth_10m
岐阜県,高山市,2,Shi,2178.4,0.0,0.0,1772.75,813.7853,0.0,0.0,mlit_w05,natural_earth_10m,natural_earth_10m
大分県,中津市,2,Shi,488.126,3.798,7.7808,440.236,901.8901,0.0,0.0,mlit_w05,natural_earth_10m,natural_earth_10m
高知県,宿毛市,2,Shi,274.071,0.025,0.0912,292.739,1068.1137,0.0,0.0,mlit_w05,natural_earth_10m,natural_earth_10m
岐阜県,多治見市,2,Shi,96.283,0.0,0.0,108.934,1131.3939,0.0,0.0,mlit_w05,natural_earth_10m,natural_earth_10m
福島県,南会津町,2,Machi,892.093,0.0,0.0,790.856,886.5174,0.0,0.0,mlit_w05,natural_earth_10m,natural_earth_10m
熊本県,球磨村,2,Mura,222.488,0.0,0.0,170.699,767.2279,0.0,0.0,mlit_w05,natural_earth_10m,natural_earth_10m
神奈川県,愛川町,2,Machi,33.924,0.0,0.0,39.208,1155.7599,0.0,0.0,mlit_w05,natural_earth_10m,natural_earth_10m
山梨県,道志村,2,Mura,75.78,0.0,0.0,71.368,941.7788,0.0,0.0,mlit_w05,natural_earth_10m,natural_earth_10m
島根県,浜田市,2,Shi,720.985,16.464,22.8354,658.055,912.7166,0.0,0.0,mlit_w05,natural_earth_10m,natural_earth_10m
宮城県,気仙沼市,2,Shi,222.959,16.966,76.0947,99.942,448.2528,0.0,0.0,mlit_w05,natural_earth_10m,natural_earth_10m
宮城県,白石市,2,Shi,286.331,0.0,0.0,246.985,862.5856,0.0,0.0,mlit_w05,natural_earth_10m,natural_earth_10m
宮城県,石巻市,2,Shi,552.8,21.945,39.6979,356.239,644.4266,0.0,0.0,mlit_w05,natural_earth_10m,natural_earth_10m
宮城県,利府町,2,Machi,40.233,0.0,0.0,26.557,660.08,0.0,0.0,mlit_w05,natural_earth_10m,natural_earth_10m
宮城県,角田市,2,Shi,151.068,0.0,0.0,129.811,859.2885,0.0,0.0,mlit_w05,natural_earth_10m,natural_earth_10m
奈良県,上北山村,2,Mura,272.315,0.0,0.0,254.725,935.4057,0.0,0.0,mlit_w05,natural_earth_10m,natural_earth_10m
和歌山県,串本町,2,Machi,142.901,17.585,123.0572,154.746,1082.8896,0.0,0.0,mlit_w05,natural_earth_10m,natural_earth_10m
静岡県,浜松市,2,Shi,1504.834,3.09,2.0534,1682.158,1117.8363,0.0,0.0,mlit_w05,natural_earth_10m,natural_earth_10m
千葉県,木更津市,2,Shi,140.861,9.954,70.6654,126.994,901.5554,0.0,0.0,mlit_w05,natural_earth_10m,natural_earth_10m
大阪府,枚方市,2,Shi,63.542,0.0,0.0,84.774,1334.1412,0.0,0.0,mlit_w05,natural_earth_10m,natural_earth_10m
山梨県,大月市,2,Shi,289.089,0.0,0.0,244.48,845.6911,0.0,0.0,mlit_w05,natural_earth_10m,natural_earth_10m
山梨県,上野原市,2,Shi,165.535,0.0,0.0,162.723,983.0127,0.0,0.0,mlit_w05,natural_earth_10m,natural_earth_10m
福島県,会津若松市,2,Shi,345.305,0.0,0.0,303.7,879.5123,0.0,0.0,mlit_w05,natural_earth_10m,natural_earth_10m
福島県,檜枝岐村,2,Mura,375.94,0.0,0.0,316.367,841.5359,0.0,0.0,mlit_w05,natural_earth_10m,natural_earth_10m
福島県,三春町,2,Machi,80.673,0.0,0.0,67.238,833.4635,0.0,0.0,mlit_w05,natural_earth_10m,natural_earth_10m
京都府,八幡市,2,Shi,21.816,0.0,0.0,28.469,1304.9597,0.0,0.0,mlit_w05,natural_earth_10m,natural_earth_10m
福島県,塙町,2,Machi,219.946,0.0,0.0,199.843,908.6003,0.0,0.0,mlit_w05,natural_earth_10m,natural_earth_10m
茨城県,笠間市,2,Shi,240.486,0.0,0.0,142.188,591.2527,0.0,0.0,mlit_w05,natural_earth_10m,natural_earth_10m
富山県,魚津市,2,Shi,206.472,3.532,17.1064,224.172,1085.7259,0.0,0.0,mlit_w05,natural_earth_10m,natural_earth_10m
群馬県,上野村,2,Mura,181.048,0.0,0.0,134.663,743.7972,0.0,0.0,mlit_w05,natural_earth_10m,natural_earth_10m
長野県,下諏訪町,2,Machi,67.303,0.0,0.0,89.956,1336.5823,0.0,0.0,mlit_w05,natural_earth_10m,natural_earth_10m
大分県,宇佐市,2,Shi,443.625,3.55,8.0023,430.881,971.273,0.0,0.0,mlit_w05,natural_earth_10m,natural_earth_10m
京都府,宇治市,2,Shi,55.893,0.0,0.0,55.322,989.7841,0.0,0.0,mlit_w05,natural_earth_10m,natural_earth_10m
奈良県,天理市,2,Shi,78.765,0.0,0.0,86.292,1095.5627,0.0,0.0,mlit_w05,natural_earth_10m,natural_earth_10m
岡山県,新庄村,2,Mura,70.628,0.0,0.0,50.611,716.5855,0.0,0.0,mlit_w05,natural_earth_10m,natural_earth_10m
愛媛県,今治市,2,Shi,432.453,55.588,128.5411,286.925,663.4825,0.0,0.0,mlit_w05,natural_earth_10m,natural_earth_10m
静岡県,御前崎市,2,Shi,65.532,2.791,42.5899,62.873,959.4244,0.0,0.0,mlit_w05,natural_earth_10m,natural_earth_10m
大阪府,高槻市,2,Shi,104.971,0.0,0.0,165.755,1579.0552,0.0,0.0,mlit_w05,natural_earth_10m,natural_earth_10m
徳島県,吉野川市,2,Shi,144.251,0.0,0.0,182.873,1267.7416,0.0,0.0,mlit_w05,natural_earth_10m,natural_earth_10m
東京都,新宿区,2,SpecialWard,15.956,0.0,0.0,5.147,322.5746,0.0,0.0,mlit_w05,natural_earth_10m,natural_earth_10m
岐阜県,大垣市,2,Shi,206.563,0.0,0.0,243.405,1178.3572,0.0,0.0,mlit_w05,natural_earth_10m,natural_earth_10m
岩手県,釜石市,2,Shi,450.045,15.317,34.0344,203.718,452.6614,0.0,0.0,mlit_w05,natural_earth_10m,natural_earth_10m
兵庫県,播磨町,2,Machi,10.085,1.436,142.3897,9.33,925.1363,0.0,0.0,mlit_w05,natural_earth_10m,natural_earth_10m
大分県,日田市,2,Shi,692.304,0.0,0.0,633.398,914.9131,0.0,0.0,mlit_w05,natural_earth_10m,natural_earth_10m
三重県,松阪市,2,Shi,644.204,10.927,16.962,851.509,1321.8002,0.0,0.0,mlit_w05,natural_earth_10m,natural_earth_10m
神奈川県,厚木市,2,Shi,91.972,0.0,0.0,87.673,953.2575,0.0,0.0,mlit_w05,natural_earth_10m,natural_earth_10m
京都府,福知山市,2,Shi,562.715,0.0,0.0,552.398,981.6657,0.0,0.0,mlit_w05,natural_earth_10m,natural_earth_10m
群馬県,前橋市,2,Shi,245.383,0.0,0.0,282.019,1149.3013,0.0,0.0,mlit_w05,natural_earth_10m,natural_earth_10m
群馬県,沼田市,2,Shi,452.391,0.0,0.0,427.381,944.716,0.0,0.0,mlit_w05,natural_earth_10m,natural_earth_10m
新潟県,小千谷市,2,Shi,158.321,0.0,0.0,158.698,1002.3812,0.0,0.0,mlit_w05,natural_earth_10m,natural_earth_10m
京都府,向日,2,Shi,6.57,0.0,0.0,3.06,465.7534,0.0,0.0,mlit_w05,natural_earth_10m,natural_earth_10m
愛知県,南知多町,2,Machi,37.906,7.864,207.4606,43.343,1143.4338,0.0,0.0,mlit_w05,natural_earth_10m,natural_earth_10m
山梨県,富士吉田市,2,Shi,123.734,0.0,0.0,81.274,656.8445,0.0,0.0,mlit_w05,natural_earth_10m,natural_earth_10m
愛媛県,大洲市,2,Shi,435.177,13.765,31.6308,451.009,1036.3806,0.0,0.0,mlit_w05,natural_earth_10m,natural_earth_10m
茨城県,日立市,2,Shi,210.335,10.012,47.6003,162.674,773.4043,0.0,0.0,mlit_w05,natural_earth_10m,natural_earth_10m
鹿児島県,奄美市,2,Shi,329.47,50.47,153.1854,220.219,668.4038,0.0,0.0,mlit_w05,natural_earth_10m,natural_earth_10m
香川県,丸亀市,2,Shi,114.249,13.714,120.0361,97.472,853.1541,0.0,0.0,mlit_w05,natural_earth_10m,natural_earth_10m
長野県,北相木村,2,Mura,51.246,0.0,0.0,48.213,940.8149,0.0,0.0,mlit_w05,natural_earth_10m,natural_earth_10m
群馬県,桐生市,2,Shi,265.936,0.0,0.0,259.105,974.3134,0.0,0.0,mlit_w05,natural_earth_10m,natural_earth_10m
奈良県,橿原市,2,Shi,33.698,0.0,0.0,55.732,1653.8667,0.0,0.0,mlit_w05,natural_earth_10m,natural_earth_10m
鳥取県,日野町,2,Machi,138.243,0.0,0.0,119.988,867.9499,0.0,0.0,mlit_w05,natural_earth_10m,natural_earth_10m
長野県,松川町,2,Machi,77.892,0.0,0.0,78.039,1001.8872,0.0,0.0,mlit_w05,natural_earth_10m,natural_earth_10m
長野県,泰阜村,2,Mura,67.568,0.0,0.0,67.839,1004.0108,0.0,0.0,mlit_w05,natural_earth_10m,natural_earth_10m
静岡県,南伊豆町,2,Machi,109.426,5.939,54.2741,67.816,619.743,0.0,0.0,mlit_w05,natural_earth_10m,natural_earth_10m
長野県,小川村,2,Mura,58.857,0.0,0.0,54.559,926.9756,0.0,0.0,mlit_w05,natural_earth_10m,natural_earth_10m
宮崎県,宮崎市,2,Shi,581.57,11.93,20.5134,635.336,1092.4497,0.0,0.0,mlit_w05,natural_earth_10m,natural_earth_10m
宮崎県,門川町,2,Machi,114.28,2.261,19.7847,107.198,938.0294,0.0,0.0,mlit_w05,natural_earth_10m,natural_earth_10m
宮崎県,木城町,2,Machi,142.498,0.0,0.0,153.645,1078.2257,0.0,0.0,mlit_w05,natural_earth_10m,natural_earth_10m
静岡県,御殿場市,2,Shi,189.603,0.0,0.0,156.418,824.9764,0.0,0.0,mlit_w05,natural_earth_10m,natural_earth_10m
愛知県,犬山市,2,Shi,75.179,0.0,0.0,98.083,1304.6595,0.0,0.0,mlit_w05,natural_earth_10m,natural_earth_10m
長野県,飯田市,2,Shi,670.869,0.0,0.0,614.76,916.3637,0.0,0.0,mlit_w05,natural_earth_10m,natural_earth_10m
新潟県,粟島浦村,2,Machi,9.845,0.0,0.0,0.0,0.0,0.0,0.0,mlit_w05,natural_earth_10m,natural_earth_10m
静岡県,川根町,1,Machi,120.532,0.0,0.0,142.683,1183.7769,0.0,0.0,mlit_w05,natural_earth_10m,natural_earth_10m
愛知県,豊川市,1,Shi,101.8,0.0,0.0,109.649,1077.1022,0.0,0.0,mlit_w05,natural_earth_10m,natural_earth_10m
鹿児島県,阿久根市,1,Shi,154.978,12.477,80.5082,125.175,807.6953,0.0,0.0,mlit_w05,natural_earth_10m,natural_earth_10m
福岡県,柳川市,1,Shi,70.037,2.458,35.0957,34.19,488.1705,0.0,0.0,mlit_w05,natural_earth_10m,natural_earth_10m
島根県,江津市,1,Shi,284.012,10.428,36.7168,250.271,881.1987,0.0,0.0,mlit_w05,natural_earth_10m,natural_earth_10m
徳島県,小松島市,1,Shi,45.532,5.059,111.1087,52.333,1149.3675,0.0,0.0,mlit_w05,natural_earth_10m,natural_earth_10m
兵庫県,淡路市,1,Shi,188.864,27.954,148.0113,171.909,910.2264,0.0,0.0,mlit_w05,natural_earth_10m,natural_earth_10m
佐賀県,鹿島市,1,Shi,114.006,4.737,41.5504,145.478,1276.0556,0.0,0.0,mlit_w05,natural_earth_10m,natural_earth_10m
京都府,木津川市,1,Shi,85.391,0.0,0.0,92.844,1087.2809,0.0,0.0,mlit_w05,natural_earth_10m,natural_earth_10m
兵庫県,伊丹市,1,Shi,31.836,0.0,0.0,61.088,1918.834,0.0,0.0,mlit_w05,natural_earth_10m,natural_earth_10m
愛知県,甚目寺町,1,Machi,12.239,0.0,0.0,18.302,1495.3836,0.0,0.0,mlit_w05,natural_earth_10m,natural_earth_10m
沖縄県,読谷村,1,Mura,33.484,5.801,173.2469,8.418,251.4037,0.0,0.0,mlit_w05,natural_earth_10m,natural_earth_10m
東京都,墨田区,1,SpecialWard,12.744,0.0,0.0,6.601,517.9692,0.0,0.0,mlit_w05,natural_earth_10m,natural_earth_10m
新潟県,柏崎市,1,Shi,478.507,20.912,43.7026,420.038,877.8095,0.0,0.0,mlit_w05,natural_earth_10m,natural_earth_10m
岩手県,岩手町,1,Machi,353.814,0.0,0.0,317.526,897.4376,0.0,0.0,mlit_w05,natural_earth_10m,natural_earth_10m
岩手県,宮古市,1,Shi,695.591,22.491,32.3337,524.3,753.7475,0.0,0.0,mlit_w05,natural_earth_10m,natural_earth_10m
兵庫県,加古川市,1,Shi,131.895,3.092,23.4429,147.5,1118.3138,0.0,0.0,mlit_w05,natural_earth_10m,natural_earth_10m
宮城県,登米市,1,Shi,515.584,0.0,0.0,373.247,723.9305,0.0,0.0,mlit_w05,natural_earth_10m,natural_earth_10m
鹿児島県,喜界町,1,Machi,60.752,22.57,371.5104,0.0,0.0,0.0,0.0,mlit_w05,natural_earth_10m,natural_earth_10m
兵庫県,宝塚市,1,Shi,98.692,0.0,0.0,116.413,1179.5586,0.0,0.0,mlit_w05,natural_earth_10m,natural_earth_10m
北海道,函館市,1,Machi,663.134,42.158,63.5739,808.715,1219.5348,0.0,0.0,mlit_w05,natural_earth_10m,natural_earth_10m
北海道,長沼町,1,Machi,169.482,0.0,0.0,219.805,1296.9224,0.0,0.0,mlit_w05,natural_earth_10m,natural_earth_10m
石川県,七尾市,1,Shi,321.024,44.581,138.8712,242.019,753.8969,0.0,0.0,mlit_w05,natural_earth_10m,natural_earth_10m
兵庫県,姫路,1,Shi,523.849,7.797,14.8841,513.62,980.4734,0.0,0.0,mlit_w05,natural_earth_10m,natural_earth_10m
栃木県,那珂川町,1,Machi,188.44,0.0,0.0,156.126,828.5184,0.0,0.0,mlit_w05,natural_earth_10m,natural_earth_10m
群馬県,館林市,1,Shi,59.55,0.0,0.0,39.147,657.3804,0.0,0.0,mlit_w05,natural_earth_10m,natural_earth_10m
熊本県,南関町,1,Machi,75.696,0.0,0.0,68.213,901.144,0.0,0.0,mlit_w05,natural_earth_10m,natural_earth_10m
大阪府,茨木市,1,Shi,65.766,0.0,0.0,74.457,1132.1504,0.0,0.0,mlit_w05,natural_earth_10m,natural_earth_10m
長野県,青木村,1,Mura,51.122,0.0,0.0,57.622,1127.1468,0.0,0.0,mlit_w05,natural_earth_10m,natural_earth_10m
京都府,舞鶴市,1,Shi,341.792,35.595,104.1423,305.669,894.3129,0.0,0.0,mlit_w05,natural_earth_10m,natural_earth_10m
福岡県,筑前町,1,Machi,71.712,0.0,0.0,92.214,1285.8936,0.0,0.0,mlit_w05,natural_earth_10m,natural_earth_10m
奈良県,下北山村,1,Mura,137.487,0.0,0.0,142.449,1036.0907,0.0,0.0,mlit_w05,natural_earth_10m,natural_earth_10m
大阪府,泉南市,1,Shi,51.122,2.024,39.5916,44.249,865.5569,0.0,0.0,mlit_w05,natural_earth_10m,natural_earth_10m
熊本県,高森町,1,Machi,173.646,0.0,0.0,112.519,647.9792,0.0,0.0,mlit_w05,natural_earth_10m,natural_earth_10m
宮崎県,延岡市,1,Shi,872.415,8.78,10.064,709.729,813.5222,0.0,0.0,mlit_w05,natural_earth_10m,natural_earth_10m
広島県,尾道市,1,Shi,296.601,26.481,89.2816,196.122,661.2318,0.0,0.0,mlit_w05,natural_earth_10m,natural_earth_10m
岩手県,陸前高田市,1,Shi,220.582,8.223,37.2787,92.191,417.9443,0.0,0.0,mlit_w05,natural_earth_10m,natural_earth_10m
山梨県,増穂町,1,Machi,62.428,0.0,0.0,57.82,926.187,0.0,0.0,mlit_w05,natural_earth_10m,natural_earth_10m
山口県,下関市,1,Shi,736.27,32.87,44.6439,595.9,809.3498,0.0,0.0,mlit_w05,natural_earth_10m,natural_earth_10m
鳥取県,智頭町,1,Machi,226.175,0.0,0.0,190.964,844.3197,0.0,0.0,mlit_w05,natural_earth_10m,natural_earth_10m
新潟県,糸魚川市,1,Shi,774.822,22.315,28.8002,705.441,910.4556,0.0,0.0,mlit_w05,natural_earth_10m,natural_earth_10m
青森県,青森市,1,Shi,826.159,10.957,13.2626,679.004,821.8805,0.0,0.0,mlit_w05,natural_earth_10m,natural_earth_10m
香川県,多度津町,1,Machi,24.577,6.953,282.9068,21.057,856.7767,0.0,0.0,mlit_w05,natural_earth_10m,natural_earth_10m
和歌山県,九度山町,1,Machi,46.812,0.0,0.0,46.186,986.6274,0.0,0.0,mlit_w05,natural_earth_10m,natural_earth_10m
長野県,原村,1,Mura,39.176,0.0,0.0,72.156,1841.8419,0.0,0.0,mlit_w05,natural_earth_10m,natural_earth_10m
大阪府,豊中市,1,Shi,36.305,0.0,0.0,35.757,984.9057,0.0,0.0,mlit_w05,natural_earth_10m,natural_earth_10m
千葉県,酒々井町,1,Machi,16.41,0.0,0.0,9.308,567.2151,0.0,0.0,mlit_w05,natural_earth_10m,natural_earth_10m
千葉県,印西市,1,Shi,46.315,0.0,0.0,33.549,724.3658,0.0,0.0,mlit_w05,natural_earth_10m,natural_earth_10m
大阪府,箕面市,1,Shi,58.171,0.0,0.0,69.702,1198.2259,0.0,0.0,mlit_w05,natural_earth_10m,natural_earth_10m
福島県,郡山市,1,Shi,737.825,0.0,0.0,657.699,891.4024,0.0,0.0,mlit_w05,natural_earth_10m,natural_earth_10m
高知県,本山町,1,Machi,149.567,0.0,0.0,107.596,719.3833,0.0,0.0,mlit_w05,natural_earth_10m,natural_earth_10m
長野県,箕輪町,1,Machi,82.953,0.0,0.0,70.936,855.1348,0.0,0.0,mlit_w05,natural_earth_10m,natural_earth_10m
千葉県,市川市,1,Shi,36.721,0.041,1.1165,27.539,749.9523,0.0,0.0,mlit_w05,natural_earth_10m,natural_earth_10m
東京都,大田区,1,SpecialWard,44.867,0.41,9.1381,18.239,406.5126,0.0,0.0,mlit_w05,natural_earth_10m,natural_earth_10m
栃木県,那須町,1,Machi,380.119,0.0,0.0,424.941,1117.9157,0.0,0.0,mlit_w05,natural_earth_10m,natural_earth_10m
熊本県,阿蘇市,1,Shi,371.903,0.0,0.0,195.049,524.462,0.0,0.0,mlit_w05,natural_earth_10m,natural_earth_10m
千葉県,成田市,1,Shi,206.233,0.0,0.0,119.563,579.7472,0.0,0.0,mlit_w05,natural_earth_10m,natural_earth_10m
愛知県,岡崎市,1,Shi,388.01,0.0,0.0,468.274,1206.8606,0.0,0.0,mlit_w05,natural_earth_10m,natural_earth_10m
高知県,仁淀川町,1,Machi,332.299,0.0,0.0,241.09,725.5213,0.0,0.0,mlit_w05,natural_earth_10m,natural_earth_10m
宮城県,女川町,1,Machi,60.337,5.704,94.5357,15.185,251.6698,0.0,0.0,mlit_w05,natural_earth_10m,natural_earth_10m
宮城県,栗原市,1,Shi,797.111,0.0,0.0,758.597,951.683,0.0,0.0,mlit_w05,natural_earth_10m,natural_earth_10m
宮城県,七ヶ宿町,1,Machi,256.439,0.0,0.0,215.403,839.9775,0.0,0.0,mlit_w05,natural_earth_10m,natural_earth_10m
宮城県,本吉町,1,Machi,99.589,0.0,0.0,75.674,759.863,0.0,0.0,mlit_w05,natural_earth_10m,natural_earth_10m
宮城県,富谷町,1,Machi,51.688,0.0,0.0,52.135,1008.648,0.0,0.0,mlit_w05,natural_earth_10m,natural_earth_10m
長野県,安曇野市,1,Shi,325.768,0.0,0.0,400.095,1228.1593,0.0,0.0,mlit_w05,natural_earth_10m,natural_earth_10m
和歌山県,古座川町,1,Machi,290.64,0.0,0.0,417.036,1434.8885,0.0,0.0,mlit_w05,natural_earth_10m,natural_earth_10m
岩手県,藤沢町,1,Machi,119.278,0.0,0.0,66.675,558.9882,0.0,0.0,mlit_w05,natural_earth_10m,natural_earth_10m
長崎県,五島市,1,Shi,446.15,73.026,163.6804,198.082,443.9807,0.0,0.0,mlit_w05,natural_earth_10m,natural_earth_10m
山梨県,忍野村,1,Mura,23.707,0.0,0.0,20.157,850.2552,0.0,0.0,mlit_w05,natural_earth_10m,natural_earth_10m
長野県,小谷村,1,Mura,262.447,0.0,0.0,179.125,682.5188,0.0,0.0,mlit_w05,natural_earth_10m,natural_earth_10m
岩手県,岩泉町,1,Machi,988.466,4.062,4.1094,674.348,682.2167,0.0,0.0,mlit_w05,natural_earth_10m,natural_earth_10m
和歌山県,海南市,1,Shi,103.834,6.893,66.3848,68.638,661.0359,0.0,0.0,mlit_w05,natural_earth_10m,natural_earth_10m
長野県,信州新町,1,Machi,57.57,0.0,0.0,47.094,818.0302,0.0,0.0,mlit_w05,natural_earth_10m,natural_earth_10m
山梨県,鰍沢町,1,Machi,49.541,0.0,0.0,52.834,1066.4702,0.0,0.0,mlit_w05,natural_earth_10m,natural_earth_10m
千葉県,我孫子市,1,Shi,49.368,0.0,0.0,37.587,761.3636,0.0,0.0,mlit_w05,natural_earth_10m,natural_earth_10m
島根県,西ノ島町,1,Machi,58.917,18.265,310.0124,25.158,427.0075,0.0,0.0,mlit_w05,natural_earth_10m,natural_earth_10m
福島県,富岡町,1,Machi,71.207,0.147,2.0644,83.967,1179.1959,0.0,0.0,mlit_w05,natural_earth_10m,natural_earth_10m
滋賀県,野洲市,1,Shi,60.469,0.0,0.0,85.21,1409.1518,1.893,3.1305,mlit_w05,natural_earth_10m,natural_earth_10m
高知県,大月町,1,Machi,119.833,8.826,73.6525,78.624,656.1131,0.0,0.0,mlit_w05,natural_earth_10m,natural_earth_10m
岩手県,大船渡市,1,Shi,327.434,18.008,54.9973,127.799,390.3046,0.0,0.0,mlit_w05,natural_earth_10m,natural_earth_10m
和歌山県,新宮市,1,Shi,216.278,0.0,0.0,273.304,1263.6699,0.0,0.0,mlit_w05,natural_earth_10m,natural_earth_10m
宮崎県,野尻町,1,Machi,84.208,0.0,0.0,86.807,1030.8641,0.0,0.0,mlit_w05,natural_earth_10m,natural_earth_10m
青森県,板柳町,1,Machi,39.096,0.0,0.0,27.991,715.9556,0.0,0.0,mlit_w05,natural_earth_10m,natural_earth_10m
福島県,白河市,1,Shi,306.514,0.0,0.0,259.262,845.8406,0.0,0.0,mlit_w05,natural_earth_10m,natural_earth_10m
福井県,鯖江市,1,Shi,82.924,0.0,0.0,99.813,1203.6684,0.0,0.0,mlit_w05,natural_earth_10m,natural_earth_10m
山形県,大石田町,1,Machi,79.161,0.0,0.0,70.662,892.6365,0.0,0.0,mlit_w05,natural_earth_10m,natural_earth_10m
秋田県,大館市,1,Shi,920.006,0.0,0.0,808.291,878.5714,0.0,0.0,mlit_w05,natural_earth_10m,natural_earth_10m
秋田県,藤里町,1,Machi,289.273,0.0,0.0,271.471,938.4595,0.0,0.0,mlit_w05,natural_earth_10m,natural_earth_10m
和歌山県,橋本市,1,Shi,130.118,0.0,0.0,169.448,1302.2641,0.0,0.0,mlit_w05,natural_earth_10m,natural_earth_10m
岐阜県,七宗町,1,Machi,95.11,0.0,0.0,107.285,1128.0097,0.0,0.0,mlit_w05,natural_earth_10m,natural_earth_10m
千葉県,富里市,1,Shi,58.468,0.0,0.0,26.571,454.4537,0.0,0.0,mlit_w05,natural_earth_10m,natural_earth_10m
千葉県,松戸市,1,Shi,66.118,0.0,0.0,43.681,660.6522,0.0,0.0,mlit_w05,natural_earth_10m,natural_earth_10m
福岡県,須恵町,1,Machi,19.724,0.0,0.0,18.753,950.7706,0.0,0.0,mlit_w05,natural_earth_10m,natural_earth_10m
福島県,棚倉町,1,Machi,155.86,0.0,0.0,149.752,960.811,0.0,0.0,mlit_w05,natural_earth_10m,natural_earth_10m
岐阜県,瑞浪市,1,Shi,170.435,0.0,0.0,196.435,1152.5508,0.0,0.0,mlit_w05,natural_earth_10m,natural_earth_10m
岡山県,鏡野町,1,Machi,422.398,0.0,0.0,325.801,771.3128,0.0,0.0,mlit_w05,natural_earth_10m,natural_earth_10m
静岡県,藤枝市,1,Shi,142.523,0.0,0.0,195.982,1375.0903,0.0,0.0,mlit_w05,natural_earth_10m,natural_earth_10m
千葉県,市原市,1,Shi,372.697,9.855,26.4424,279.647,750.3334,0.0,0.0,mlit_w05,natural_earth_10m,natural_earth_10m
千葉県,茂原市,1,Shi,99.238,0.0,0.0,50.593,509.8148,0.0,0.0,mlit_w05,natural_earth_10m,natural_earth_10m
岐阜県,神戸町,1,Machi,17.324,0.0,0.0,17.179,991.6301,0.0,0.0,mlit_w05,natural_earth_10m,natural_earth_10m
福井県,小浜市,1,Shi,247.537,18.348,74.1223,177.398,716.6525,0.0,0.0,mlit_w05,natural_earth_10m,natural_earth_10m
東京都,国分寺市,1,Shi,11.716,0.0,0.0,2.399,204.7627,0.0,0.0,mlit_w05,natural_earth_10m,natural_earth_10m
埼玉県,草加市,1,Shi,30.976,0.0,0.0,51.281,1655.5075,0.0,0.0,mlit_w05,natural_earth_10m,natural_earth_10m
富山県,上市町,1,Machi,241.08,0.0,0.0,221.477,918.6867,0.0,0.0,mlit_w05,natural_earth_10m,natural_earth_10m
岐阜県,揖斐川町,1,Machi,825.293,0.0,0.0,785.468,951.7444,0.0,0.0,mlit_w05,natural_earth_10m,natural_earth_10m
京都府,伊根,1,Machi,51.871,7.068,136.2611,51.421,991.3246,0.0,0.0,mlit_w05,natural_earth_10m,natural_earth_10m
兵庫県,丹波市,1,Shi,491.418,0.0,0.0,494.162,1005.5838,0.0,0.0,mlit_w05,natural_earth_10m,natural_earth_10m
広島県,広島市,1,Shi,925.625,12.619,13.633,623.136,673.2057,0.0,0.0,mlit_w05,natural_earth_10m,natural_earth_10m
福島県,柳津町,1,Machi,179.494,0.0,0.0,177.774,990.4175,0.0,0.0,mlit_w05,natural_earth_10m,natural_earth_10m
埼玉県,吉見町,1,Machi,37.061,0.0,0.0,62.985,1699.4954,0.0,0.0,mlit_w05,natural_earth_10m,natural_earth_10m
愛知県,津島市,1,Shi,27.777,0.0,0.0,47.144,1697.2315,0.0,0.0,mlit_w05,natural_earth_10m,natural_earth_10m
大阪府,貝塚市,1,Shi,46.019,1.743,37.8757,46.2,1003.9332,0.0,0.0,mlit_w05,natural_earth_10m,natural_earth_10m
新潟県,三条市,1,Shi,423.183,0.0,0.0,363.083,857.9811,0.0,0.0,mlit_w05,natural_earth_10m,natural_earth_10m
香川県,観音寺市,1,Shi,124.077,15.711,126.623,135.189,1089.5573,0.0,0.0,mlit_w05,natural_earth_10m,natural_earth_10m
愛知県,設楽町,1,Machi,282.218,0.0,0.0,307.945,1091.16,0.0,0.0,mlit_w05,natural_earth_10m,natural_earth_10m
奈良県,天川村,1,Mura,178.319,0.0,0.0,124.23,696.6728,0.0,0.0,mlit_w05,natural_earth_10m,natural_earth_10m
埼玉県,東松山,1,Shi,66.554,0.0,0.0,90.242,1355.9215,0.0,0.0,mlit_w05,natural_earth_10m,natural_earth_10m
千葉県,東金市,1,Shi,88.043,0.0,0.0,72.904,828.0499,0.0,0.0,mlit_w05,natural_earth_10m,natural_earth_10m
三重県,伊賀市,1,Shi,561.708,0.0,0.0,584.585,1040.7276,0.0,0.0,mlit_w05,natural_earth_10m,natural_earth_10m
福島県,二本松市,1,Shi,335.068,0.0,0.0,344.881,1029.2866,0.0,0.0,mlit_w05,natural_earth_10m,natural_earth_10m
福島県,石川町,1,Machi,121.081,0.0,0.0,114.09,942.2618,0.0,0.0,mlit_w05,natural_earth_10m,natural_earth_10m
鹿児島県,天城町,1,Machi,101.096,7.73,76.462,74.462,736.5474,0.0,0.0,mlit_w05,natural_earth_10m,natural_earth_10m
長野県,生坂村,1,Mura,31.465,0.0,0.0,31.788,1010.2654,0.0,0.0,mlit_w05,natural_earth_10m,natural_earth_10m
栃木県,小山市,1,Shi,167.593,0.0,0.0,95.666,570.8234,0.0,0.0,mlit_w05,natural_earth_10m,natural_earth_10m
徳島県,鳴門市,1,Shi,140.734,29.352,208.5637,120.884,858.9538,0.0,0.0,mlit_w05,natural_earth_10m,natural_earth_10m
群馬県,南牧村,1,Mura,119.445,0.0,0.0,85.87,718.9083,0.0,0.0,mlit_w05,natural_earth_10m,natural_earth_10m
佐賀県,多久市,1,Shi,100.774,0.0,0.0,136.643,1355.9351,0.0,0.0,mlit_w05,natural_earth_10m,natural_earth_10m
福岡県,福岡市,1,Shi,340.645,29.292,85.9898,309.961,909.9238,0.0,0.0,mlit_w05,natural_earth_10m,natural_earth_10m
宮城県,岩沼市,1,Shi,55.588,0.0,0.0,54.537,981.093,0.0,0.0,mlit_w05,natural_earth_10m,natural_earth_10m
大分県,津久見市,1,Shi,81.306,15.064,185.2754,53.439,657.2578,0.0,0.0,mlit_w05,natural_earth_10m,natural_earth_10m
大分県,佐伯市,1,Shi,925.301,27.27,29.4715,725.189,783.7331,0.0,0.0,mlit_w05,natural_earth_10m,natural_earth_10m
山形県,中山町,1,Machi,31.499,0.0,0.0,23.86,757.4844,0.0,0.0,mlit_w05,natural_earth_10m,natural_earth_10m
岐阜県,岐阜市,1,Shi,206.777,0.0,0.0,210.432,1017.676,0.0,0.0,mlit_w05,natural_earth_10m,natural_earth_10m
神奈川県,山北町,1,Machi,218.12,0.0,0.0,280.39,1285.4851,0.0,0.0,mlit_w05,natural_earth_10m,natural_earth_10m
神奈川県,大磯町,1,Machi,15.508,0.0,0.0,16.315,1052.0377,0.0,0.0,mlit_w05,natural_earth_10m,natural_earth_10m
滋賀県,甲賀市,1,Shi,473.985,0.0,0.0,527.706,1113.339,0.0,0.0,mlit_w05,natural_earth_10m,natural_earth_10m
愛知県,小坂井町,1,Machi,9.608,0.0,0.0,10.14,1055.3705,0.0,0.0,mlit_w05,natural_earth_10m,natural_earth_10m
石川県,加賀市,1,Shi,279.473,5.692,20.3669,223.138,798.4242,0.0,0.0,mlit_w05,natural_earth_10m,natural_earth_10m
茨城県,鹿嶋市,1,Shi,90.547,6.681,73.7849,7.693,84.9614,0.0,0.0,mlit_w05,natural_earth_10m,natural_earth_10m
群馬県,草津町,1,Machi,53.15,0.0,0.0,55.244,1039.3979,0.0,0.0,mlit_w05,natural_earth_10m,natural_earth_10m
静岡県,掛川市,1,Shi,261.162,8.263,31.6394,386.632,1480.4298,0.0,0.0,mlit_w05,natural_earth_10m,natural_earth_10m
茨城県,潮来市,1,Shi,56.034,0.0,0.0,26.566,474.105,0.0,0.0,mlit_w05,natural_earth_10m,natural_earth_10m
秋田県,能代市,1,Shi,402.874,11.694,29.0264,296.403,735.7213,0.0,0.0,mlit_w05,natural_earth_10m,natural_earth_10m
秋田県,上小阿仁村,1,Mura,253.077,0.0,0.0,207.459,819.7466,0.0,0.0,mlit_w05,natural_earth_10m,natural_earth_10m
愛知県,幡豆町,1,Machi,24.572,2.457,99.9919,20.1,818.0042,0.0,0.0,mlit_w05,natural_earth_10m,natural_earth_10m
和歌山県,田辺市,1,Shi,1054.953,4.741,4.494,1269.586,1203.4527,0.0,0.0,mlit_w05,natural_earth_10m,natural_earth_10m
福岡県,星野村,1,Mura,88.883,0.0,0.0,56.293,633.3382,0.0,0.0,mlit_w05,natural_earth_10m,natural_earth_10m
埼玉県,長瀞町,1,Machi,30.964,0.0,0.0,31.826,1027.8388,0.0,0.0,mlit_w05,natural_earth_10m,natural_earth_10m
千葉県,流山市,1,Shi,39.576,0.0,0.0,26.562,671.1643,0.0,0.0,mlit_w05,natural_earth_10m,natural_earth_10m
神奈川県,逗子市,1,Shi,18.053,0.0,0.0,13.572,751.7864,0.0,0.0,mlit_w05,natural_earth_10m,natural_earth_10m
京都府,宮津,1,Shi,172.019,21.978,127.765,120.762,702.0271,0.0,0.0,mlit_w05,natural_earth_10m,natural_earth_10m
山口県,岩国市,1,Shi,881.047,17.364,19.7084,797.399,905.0584,0.0,0.0,mlit_w05,natural_earth_10m,natural_earth_10m
群馬県,千代田町,1,Machi,23.946,0.0,0.0,22.218,927.8376,0.0,0.0,mlit_w05,natural_earth_10m,natural_earth_10m
群馬県,伊勢崎市,1,Shi,140.175,0.0,0.0,97.121,692.8554,0.0,0.0,mlit_w05,natural_earth_10m,natural_earth_10m
群馬県,富岡市,1,Shi,131.679,0.0,0.0,167.205,1269.7924,0.0,0.0,mlit_w05,natural_earth_10m,natural_earth_10m
群馬県,嬬恋村,1,Machi,337.349,0.0,0.0,321.617,953.3658,0.0,0.0,mlit_w05,natural_earth_10m,natural_earth_10m
群馬県,邑楽町,1,Machi,29.15,0.0,0.0,24.597,843.8079,0.0,0.0,mlit_w05,natural_earth_10m,natural_earth_10m
新潟県,長岡市,1,Shi,860.7,15.274,17.746,952.313,1106.4401,0.0,0.0,mlit_w05,natural_earth_10m,natural_earth_10m
香川県,琴平町,1,Machi,6.986,0.0,0.0,6.477,927.14,0.0,0.0,mlit_w05,natural_earth_10m,natural_earth_10m
東京都,檜原村,1,Machi,103.718,0.0,0.0,98.106,945.8917,0.0,0.0,mlit_w05,natural_earth_10m,natural_earth_10m
京都府,長岡京市,1,Shi,20.416,0.0,0.0,37.835,1853.2034,0.0,0.0,mlit_w05,natural_earth_10m,natural_earth_10m
東京都,練馬区,1,SpecialWard,46.815,0.0,0.0,24.28,518.6372,0.0,0.0,mlit_w05,natural_earth_10m,natural_earth_10m
静岡県,伊豆の国市,1,Shi,107.604,0.0,0.0,121.504,1129.1774,0.0,0.0,mlit_w05,natural_earth_10m,natural_earth_10m
千葉県,四街道市,1,Shi,34.283,0.0,0.0,12.795,373.217,0.0,0.0,mlit_w05,natural_earth_10m,natural_earth_10m
新潟県,新発田市,1,Shi,540.905,1.234,2.2814,630.383,1165.4228,0.0,0.0,mlit_w05,natural_earth_10m,natural_earth_10m
岡山県,和気町,1,Machi,144.553,0.0,0.0,151.68,1049.3037,0.0,0.0,mlit_w05,natural_earth_10m,natural_earth_10m
岡山県,井原市,1,Shi,242.908,0.0,0.0,197.354,812.464,0.0,0.0,mlit_w05,natural_earth_10m,natural_earth_10m
岡山県,久米南町,1,Machi,77.631,0.0,0.0,77.6,999.6007,0.0,0.0,mlit_w05,natural_earth_10m,natural_earth_10m
岡山県,奈義町,1,Machi,72.007,0.0,0.0,68.149,946.4219,0.0,0.0,mlit_w05,natural_earth_10m,natural_earth_10m
大阪府,八尾市,1,Shi,38.246,0.0,0.0,63.421,1658.2388,0.0,0.0,mlit_w05,natural_earth_10m,natural_earth_10m
新潟県,加茂市,1,Shi,134.147,0.0,0.0,124.378,927.1769,0.0,0.0,mlit_w05,natural_earth_10m,natural_earth_10m
愛媛県,八幡浜,1,Shi,136.997,16.008,116.8493,108.877,794.74,0.0,0.0,mlit_w05,natural_earth_10m,natural_earth_10m
山口県,長門市,1,Shi,366.725,33.488,91.3164,313.792,855.6602,0.0,0.0,mlit_w05,natural_earth_10m,natural_earth_10m
茨城県,土浦市,1,Shi,117.029,0.0,0.0,65.902,563.1254,0.0,0.0,mlit_w05,natural_earth_10m,natural_earth_10m
沖縄県,東村,1,Mura,90.27,3.451,38.2298,86.593,959.2666,0.0,0.0,mlit_w05,natural_earth_10m,natural_earth_10m
山形県,村山市,1,Shi,196.173,0.0,0.0,160.592,818.6244,0.0,0.0,mlit_w05,natural_earth_10m,natural_earth_10m
山形県,鶴岡市,1,Shi,1342.677,26.674,19.8663,1157.7,862.2327,0.0,0.0,mlit_w05,natural_earth_10m,natural_earth_10m
沖縄県,与那国町,1,Machi,32.558,10.954,336.4457,6.563,201.5787,0.0,0.0,mlit_w05,natural_earth_10m,natural_earth_10m
鹿児島県,大和村,1,Mura,98.808,3.233,32.72,61.519,622.6115,0.0,0.0,mlit_w05,natural_earth_10m,natural_earth_10m
埼玉県,東秩父村,1,Machi,36.699,0.0,0.0,54.015,1471.8385,0.0,0.0,mlit_w05,natural_earth_10m,natural_earth_10m
埼玉県,小鹿野町,1,Machi,166.404,0.0,0.0,193.222,1161.162,0.0,0.0,mlit_w05,natural_earth_10m,natural_earth_10m
埼玉県,加須市,1,Shi,60.973,0.0,0.0,108.783,1784.1176,0.0,0.0,mlit_w05,natural_earth_10m,natural_earth_10m
埼玉県,川越市,1,Shi,109.952,0.0,0.0,176.699,1607.0558,0.0,0.0,mlit_w05,natural_earth_10m,natural_earth_10m
埼玉県,越生町,1,Machi,39.195,0.0,0.0,47.353,1208.1388,0.0,0.0,mlit_w05,natural_earth_10m,natural_earth_10m
山梨県,都留市,1,Shi,163.905,0.0,0.0,129.714,791.3975,0.0,0.0,mlit_w05,natural_earth_10m,natural_earth_10m
山形県,金山町,1,Machi,155.046,0.0,0.0,160.098,1032.5839,0.0,0.0,mlit_w05,natural_earth_10m,natural_earth_10m
山形県,酒田市,1,Shi,611.395,12.132,19.8431,493.416,807.0331,0.0,0.0,mlit_w05,natural_earth_10m,natural_earth_10m
長野県,坂城町,1,Machi,63.782,0.0,0.0,61.778,968.5805,0.0,0.0,mlit_w05,natural_earth_10m,natural_earth_10m
山形県,朝日町,1,Machi,188.004,0.0,0.0,175.875,935.4854,0.0,0.0,mlit_w05,natural_earth_10m,natural_earth_10m
岩手県,軽米町,1,Machi,240.389,0.0,0.0,162.188,674.6898,0.0,0.0,mlit_w05,natural_earth_10m,natural_earth_10m
長野県,豊丘村,1,Machi,68.728,0.0,0.0,68.201,992.3321,0.0,0.0,mlit_w05,natural_earth_10m,natural_earth_10m
奈良県,御杖村,1,Mura,81.522,0.0,0.0,100.307,1230.4286,0.0,0.0,mlit_w05,natural_earth_10m,natural_earth_10m
奈良県,明日香村,1,Mura,23.371,0.0,0.0,25.784,1103.2476,0.0,0.0,mlit_w05,natural_earth_10m,natural_earth_10m
佐賀県,玄海町,1,Machi,39.016,10.115,259.2526,31.824,815.6654,0.0,0.0,mlit_w05,natural_earth_10m,natural_earth_10m
石川県,津幡町,1,Machi,101.396,0.0,0.0,95.993,946.7139,0.0,0.0,mlit_w05,natural_earth_10m,natural_earth_10m
鳥取県,米子市,1,Shi,100.979,0.001,0.0099,153.74,1522.4948,0.0,0.0,mlit_w05,natural_earth_10m,natural_earth_10m
長野県,駒ヶ根市,1,Shi,169.0,0.0,0.0,186.813,1105.4024,0.0,0.0,mlit_w05,natural_earth_10m,natural_earth_10m
長野県,大鹿村,1,Mura,247.944,0.0,0.0,205.224,827.703,0.0,0.0,mlit_w05,natural_earth_10m,natural_earth_10m
静岡県,松崎町,1,Machi,80.137,5.463,68.1708,45.516,567.9773,0.0,0.0,mlit_w05,natural_earth_10m,natural_earth_10m
静岡県,富士宮市,1,Shi,305.94,0.0,0.0,219.291,716.7778,0.0,0.0,mlit_w05,natural_earth_10m,natural_earth_10m
愛媛県,西条市,1,Shi,509.482,8.523,16.7288,461.63,906.0772,0.0,0.0,mlit_w05,natural_earth_10m,natural_earth_10m
静岡県,熱海市,1,Shi,68.141,4.494,65.9515,33.231,487.68,0.0,0.0,mlit_w05,natural_earth_10m,natural_earth_10m
静岡県,河津町,1,Machi,103.386,1.014,9.8079,66.332,641.5956,0.0,0.0,mlit_w05,natural_earth_10m,natural_earth_10m
秋田県,横手市,1,Shi,673.965,0.0,0.0,693.385,1028.8146,0.0,0.0,mlit_w05,natural_earth_10m,natural_earth_10m
石川県,能登町,1,Machi,265.689,6.871,25.8611,232.351,874.5225,0.0,0.0,mlit_w05,natural_earth_10m,natural_earth_10m
山形県,西川町,1,Machi,400.523,0.0,0.0,329.234,822.0102,0.0,0.0,mlit_w05,natural_earth_10m,natural_earth_10m
滋賀県,日野町,1,Machi,117.518,0.0,0.0,117.629,1000.9445,0.0,0.0,mlit_w05,natural_earth_10m,natural_earth_10m
兵庫県,福崎町,1,Machi,50.719,0.0,0.0,48.001,946.4106,0.0,0.0,mlit_w05,natural_earth_10m,natural_earth_10m
静岡県,袋井市,1,Shi,104.248,1.739,16.6814,224.659,2155.0437,0.0,0.0,mlit_w05,natural_earth_10m,natural_earth_10m
茨城県,美浦村,1,Mura,34.136,0.0,0.0,15.844,464.1434,0.0,0.0,mlit_w05,natural_earth_10m,natural_earth_10m
茨城県,桜川市,1,Shi,179.025,0.0,0.0,120.479,672.973,0.0,0.0,mlit_w05,natural_earth_10m,natural_earth_10m
宮崎県,清武町,1,Machi,44.388,0.0,0.0,55.353,1247.0262,0.0,0.0,mlit_w05,natural_earth_10m,natural_earth_10m
宮崎県,西米良村,1,Machi,288.587,0.0,0.0,236.522,819.5865,0.0,0.0,mlit_w05,natural_earth_10m,natural_earth_10m
岩手県,花巻市,1,Shi,896.767,0.0,0.0,767.264,855.589,0.0,0.0,mlit_w05,natural_earth_10m,natural_earth_10m
静岡県,裾野市,1,Shi,135.835,0.0,0.0,115.396,849.5307,0.0,0.0,mlit_w05,natural_earth_10m,natural_earth_10m
静岡県,芝川町,1,Machi,66.547,0.0,0.0,83.408,1253.3698,0.0,0.0,mlit_w05,natural_earth_10m,natural_earth_10m
奈良県,葛城市,1,Shi,36.58,0.0,0.0,54.762,1497.0476,0.0,0.0,mlit_w05,natural_earth_10m,natural_earth_10m
滋賀県,長浜市,1,Shi,142.279,0.0,0.0,171.608,1206.1372,0.0,0.0,mlit_w05,natural_earth_10m,natural_earth_10m
東京都,千代田区,1,SpecialWard,9.83,0.0,0.0,14.736,1499.0844,0.0,0.0,mlit_w05,natural_earth_10m,natural_earth_10m
静岡県,清水町,1,Machi,9.709,0.0,0.0,19.655,2024.4103,0.0,0.0,mlit_w05,natural_earth_10m,natural_earth_10m
栃木県,栃木市,1,Shi,126.516,0.0,0.0,99.972,790.1925,0.0,0.0,mlit_w05,natural_earth_10m,natural_earth_10m
宮崎県,えびの市,1,Shi,288.067,0.0,0.0,273.451,949.2618,0.0,0.0,mlit_w05,natural_earth_10m,natural_earth_10m
宮崎県,高鍋町,1,Machi,40.225,1.672,41.5662,51.743,1286.3393,0.0,0.0,mlit_w05,natural_earth_10m,natural_earth_10m
香川県,坂出市,1,Shi,95.018,10.284,108.2321,56.767,597.4342,0.0,0.0,mlit_w05,natural_earth_10m,natural_earth_10m
大阪府,交野市,1,Shi,25.075,0.0,0.0,30.596,1220.1795,0.0,0.0,mlit_w05,natural_earth_10m,natural_earth_10m
滋賀県,多賀町,1,Machi,131.833,0.0,0.0,114.139,865.7847,0.0,0.0,mlit_w05,natural_earth_10m,natural_earth_10m
鹿児島県,伊仙町,1,Machi,67.806,13.534,199.5989,19.937,294.03,0.0,0.0,mlit_w05,natural_earth_10m,natural_earth_10m
青森県,むつ市,1,Shi,861.827,21.884,25.3926,754.641,875.6293,0.0,0.0,mlit_w05,natural_earth_10m,natural_earth_10m
青森県,田子町,1,Machi,250.568,0.0,0.0,151.206,603.453,0.0,0.0,mlit_w05,natural_earth_10m,natural_earth_10m
滋賀県,高月町,1,Machi,21.799,0.0,0.0,32.119,1473.4162,0.058,0.2661,mlit_w05,natural_earth_10m,natural_earth_10m
山梨県,南部町,1,Machi,198.708,0.0,0.0,205.166,1032.4999,0.0,0.0,mlit_w05,natural_earth_10m,natural_earth_10m
山梨県,丹波山村,1,Mura,105.474,0.0,0.0,81.496,772.6644,0.0,0.0,mlit_w05,natural_earth_10m,natural_earth_10m
千葉県,銚子市,1,Shi,81.944,0.572,6.9804,47.993,585.6805,0.0,0.0,mlit_w05,natural_earth_10m,natural_earth_10m
