major_category,category_label,category_n,feature,feature_label,analysis_role,observed_count,observed_prevalence,observed_prevalence_ci_low,observed_prevalence_ci_high,null_mean_count,null_median_prevalence,null_prevalence_ci_low,null_prevalence_ci_high,observed_to_null_ratio,prevalence_difference,odds_ratio,odds_ratio_ci_low,odds_ratio_ci_high,empirical_p_positive,empirical_p_negative,empirical_p_two_sided,valid_permutations,stratification,benjamini_hochberg_q
その他,Other,19084,hydrology,Water setting,screened cell,3497,0.18324,0.17782,0.18879,3945.327,0.20672,0.203,0.21039,0.88637,-0.02349,0.69744,0.66146,0.73537,1.0,0.0001,0.0001,10000,prefecture,0.000211
その他,Other,19084,mobility,Mobility,screened cell,3101,0.16249,0.15733,0.16779,3238.896,0.16972,0.16637,0.17308,0.95743,-0.00723,0.91044,0.85935,0.96457,1.0,0.0001,0.0002,10000,prefecture,0.0004
その他,Other,19084,boundary,Boundary,screened cell,3838,0.20111,0.19548,0.20686,3538.635,0.18539,0.18193,0.18895,1.0846,0.01569,1.28143,1.21083,1.35614,0.0001,1.0,0.0001,10000,prefecture,0.000211
その他,Other,19084,livelihood,Livelihood,screened cell,3612,0.18927,0.18377,0.19489,3703.974,0.19404,0.19042,0.19765,0.97517,-0.00482,0.95536,0.90431,1.00928,0.9959,0.0046,0.009699,10000,prefecture,0.014885
その他,Other,19084,dwelling,Dwelling,screened cell,4873,0.25534,0.24921,0.26158,4752.832,0.24906,0.24513,0.25299,1.02528,0.0063,1.10253,1.0483,1.15956,0.0014,0.9989,0.0023,10000,prefecture,0.003729
その他,Other,19084,death_ritual,Death ritual,screened cell,2692,0.14106,0.13619,0.14607,2830.827,0.14834,0.14515,0.15159,0.95096,-0.00727,0.89081,0.83819,0.94672,1.0,0.0001,0.0001,10000,prefecture,0.000211
その他,Other,19084,taboo_time_weather,"Taboo, time, or weather",screened cell,4061,0.2128,0.20705,0.21866,4117.028,0.21573,0.21201,0.21945,0.98639,-0.00294,0.97934,0.92898,1.03243,0.937406,0.066193,0.129287,10000,prefecture,0.153608
その他,Other,19084,actors,Actors,screened cell,5044,0.26431,0.2581,0.27061,5265.363,0.27589,0.27185,0.27997,0.95796,-0.0116,0.9062,0.86326,0.95129,1.0,0.0001,0.0001,10000,prefecture,0.000211
その他,Other,19084,actions,Actions,screened cell,2114,0.11077,0.1064,0.1153,2042.9,0.10705,0.10428,0.10983,1.0348,0.00373,1.03849,0.9686,1.11342,0.005,0.9954,0.011399,10000,prefecture,0.016681
その他,Other,19084,strict_boundary_interface,Strict interface,screened cell,2651,0.13891,0.13408,0.14389,2574.539,0.13488,0.13173,0.13807,1.0297,0.00401,1.0771,1.01064,1.14792,0.007199,0.993401,0.014399,10000,prefecture,0.020817
キツネ,Kitsune,3618,hydrology,Water setting,screened cell,447,0.12355,0.11322,0.13467,777.553,0.21476,0.2026,0.22692,0.57488,-0.09136,0.50157,0.45259,0.55585,1.0,0.0001,0.0001,10000,prefecture,0.000211
キツネ,Kitsune,3618,mobility,Mobility,screened cell,759,0.20978,0.19683,0.22336,587.225,0.16224,0.15119,0.17358,1.29252,0.04748,1.36251,1.25056,1.48448,0.0001,1.0,0.0001,10000,prefecture,0.000211
キツネ,Kitsune,3618,boundary,Boundary,screened cell,375,0.10365,0.09413,0.114,680.304,0.18823,0.17634,0.19983,0.55122,-0.08438,0.47667,0.42672,0.53245,1.0,0.0001,0.0001,10000,prefecture,0.000211
キツネ,Kitsune,3618,livelihood,Livelihood,screened cell,865,0.23908,0.22547,0.25325,701.085,0.19375,0.18214,0.20564,1.2338,0.04531,1.36939,1.26187,1.48608,0.0001,1.0,0.0001,10000,prefecture,0.000211
キツネ,Kitsune,3618,dwelling,Dwelling,screened cell,871,0.24074,0.22709,0.25494,910.25,0.25152,0.23881,0.26423,0.95688,-0.01085,0.95928,0.88498,1.03983,0.951405,0.053595,0.106389,10000,prefecture,0.130273
キツネ,Kitsune,3618,death_ritual,Death ritual,screened cell,193,0.05334,0.04648,0.06115,516.933,0.1429,0.13212,0.1534,0.37336,-0.08953,0.29864,0.25748,0.34638,1.0,0.0001,0.0001,10000,prefecture,0.000211
キツネ,Kitsune,3618,taboo_time_weather,"Taboo, time, or weather",screened cell,717,0.19818,0.18551,0.21148,753.782,0.2084,0.19596,0.22056,0.9512,-0.01017,0.89569,0.82165,0.9764,0.949405,0.054995,0.109889,10000,prefecture,0.133199
キツネ,Kitsune,3618,actors,Actors,screened cell,878,0.24268,0.22898,0.25691,965.276,0.26672,0.25345,0.28054,0.90958,-0.02412,0.83912,0.7745,0.90914,0.9999,0.0002,0.0004,10000,prefecture,0.000762
キツネ,Kitsune,3618,actions,Actions,screened cell,310,0.08568,0.077,0.09525,427.483,0.11802,0.10862,0.1277,0.72518,-0.03247,0.74253,0.65734,0.83876,1.0,0.0001,0.0001,10000,prefecture,0.000211
キツネ,Kitsune,3618,strict_boundary_interface,Strict interface,screened cell,251,0.06938,0.06154,0.07812,506.006,0.13986,0.12963,0.15008,0.49604,-0.07048,0.44599,0.39073,0.50906,1.0,0.0001,0.0001,10000,prefecture,0.000211
ヘビ・リュウ,Snake/Dragon,2335,hydrology,Water setting,screened cell,1090,0.46681,0.44664,0.48708,488.993,0.20942,0.19358,0.22527,2.22907,0.25739,3.74193,3.43319,4.07844,0.0001,1.0,0.0001,10000,prefecture,0.000211
ヘビ・リュウ,Snake/Dragon,2335,mobility,Mobility,screened cell,359,0.15375,0.13969,0.16895,384.877,0.16488,0.15032,0.17944,0.93277,-0.01108,0.89197,0.79404,1.00198,0.940206,0.065793,0.138586,10000,prefecture,0.16146
ヘビ・リュウ,Snake/Dragon,2335,boundary,Boundary,screened cell,551,0.23597,0.21919,0.25362,446.167,0.19101,0.17602,0.20642,1.23496,0.0449,1.39292,1.26063,1.5391,0.0001,1.0,0.0001,10000,prefecture,0.000211
ヘビ・リュウ,Snake/Dragon,2335,livelihood,Livelihood,screened cell,450,0.19272,0.17723,0.20922,446.634,0.19143,0.17645,0.20685,1.00754,0.00144,1.00282,0.90139,1.11567,0.436956,0.583242,0.890811,10000,prefecture,0.898297
ヘビ・リュウ,Snake/Dragon,2335,dwelling,Dwelling,screened cell,548,0.23469,0.21794,0.25231,573.557,0.2454,0.22912,0.26253,0.95544,-0.01095,0.92709,0.83962,1.02368,0.89991,0.108789,0.223078,10000,prefecture,0.254946
ヘビ・リュウ,Snake/Dragon,2335,death_ritual,Death ritual,screened cell,219,0.09379,0.08262,0.10629,335.561,0.14347,0.13019,0.15717,0.65264,-0.04992,0.58038,0.50327,0.6693,1.0,0.0001,0.0001,10000,prefecture,0.000211
ヘビ・リュウ,Snake/Dragon,2335,taboo_time_weather,"Taboo, time, or weather",screened cell,609,0.26081,0.24341,0.27901,502.715,0.21542,0.19957,0.23126,1.21142,0.04552,1.32094,1.19964,1.4545,0.0001,1.0,0.0001,10000,prefecture,0.000211
ヘビ・リュウ,Snake/Dragon,2335,actors,Actors,screened cell,949,0.40642,0.38667,0.42648,638.368,0.27366,0.2561,0.29079,1.4866,0.13303,1.92235,1.76329,2.09575,0.0001,1.0,0.0001,10000,prefecture,0.000211
ヘビ・リュウ,Snake/Dragon,2335,actions,Actions,screened cell,158,0.06767,0.05817,0.07858,243.62,0.1045,0.09251,0.11649,0.64855,-0.03667,0.57354,0.48616,0.67662,1.0,0.0001,0.0001,10000,prefecture,0.000211
ヘビ・リュウ,Snake/Dragon,2335,strict_boundary_interface,Strict interface,exploratory,430,0.18415,0.16896,0.20039,321.467,0.13747,0.1242,0.15118,1.33762,0.04648,1.49044,1.33559,1.66324,0.0001,1.0,0.0001,10000,prefecture,0.000211
ユウレイ,Yurei,1641,hydrology,Water setting,screened cell,185,0.11274,0.09833,0.12895,335.213,0.20414,0.18525,0.22303,0.55189,-0.09154,0.46674,0.3996,0.54517,1.0,0.0001,0.0001,10000,prefecture,0.000211
ユウレイ,Yurei,1641,mobility,Mobility,screened cell,358,0.21816,0.19885,0.23879,280.23,0.17063,0.15356,0.1883,1.27752,0.04739,1.40648,1.24639,1.58713,0.0001,1.0,0.0001,10000,prefecture,0.000211
ユウレイ,Yurei,1641,boundary,Boundary,screened cell,404,0.24619,0.22596,0.26761,295.265,0.17977,0.16271,0.19805,1.36826,0.06626,1.46638,1.30594,1.64653,0.0001,1.0,0.0001,10000,prefecture,0.000211
ユウレイ,Yurei,1641,livelihood,Livelihood,screened cell,183,0.11152,0.09719,0.12766,297.382,0.18099,0.16332,0.19927,0.61537,-0.0697,0.51327,0.43905,0.60003,1.0,0.0001,0.0001,10000,prefecture,0.000211
ユウレイ,Yurei,1641,dwelling,Dwelling,screened cell,455,0.27727,0.25615,0.29943,398.768,0.24314,0.22303,0.26325,1.14102,0.03427,1.17554,1.05197,1.31362,0.0005,0.9999,0.0008,10000,prefecture,0.001391
ユウレイ,Yurei,1641,death_ritual,Death ritual,construct check,1233,0.75137,0.72989,0.77168,264.978,0.16149,0.14503,0.17916,4.65321,0.5899,23.01244,20.46959,25.87116,0.0001,1.0,0.0001,10000,prefecture,0.000211
ユウレイ,Yurei,1641,taboo_time_weather,"Taboo, time, or weather",screened cell,356,0.21694,0.19767,0.23753,344.672,0.20963,0.19135,0.22913,1.03287,0.0069,1.01654,0.90122,1.14663,0.248575,0.771223,0.474253,10000,prefecture,0.522113
ユウレイ,Yurei,1641,actors,Actors,screened cell,469,0.2858,0.26446,0.30814,431.892,0.26325,0.24314,0.28336,1.08592,0.02261,1.07095,0.95948,1.19537,0.015998,0.986101,0.029997,10000,prefecture,0.039127
ユウレイ,Yurei,1641,actions,Actions,screened cell,415,0.25289,0.23246,0.27449,213.266,0.1298,0.11456,0.14503,1.94593,0.12293,2.98749,2.65734,3.35866,0.0001,1.0,0.0001,10000,prefecture,0.000211
ユウレイ,Yurei,1641,strict_boundary_interface,Strict interface,screened cell,376,0.22913,0.20944,0.25008,220.295,0.13406,0.11822,0.14991,1.7068,0.09488,1.98299,1.75933,2.23509,0.0001,1.0,0.0001,10000,prefecture,0.000211
カッパ,Kappa,1412,hydrology,Water setting,construct check,1101,0.77975,0.75739,0.80059,326.154,0.23088,0.21034,0.25212,3.3757,0.54876,15.72207,13.8192,17.88697,0.0001,1.0,0.0001,10000,prefecture,0.000211
カッパ,Kappa,1412,mobility,Mobility,screened cell,160,0.11331,0.09782,0.13091,239.886,0.16997,0.15156,0.18909,0.66698,-0.05658,0.62149,0.52584,0.73454,1.0,0.0001,0.0001,10000,prefecture,0.000211
カッパ,Kappa,1412,boundary,Boundary,screened cell,162,0.11473,0.09914,0.13241,233.436,0.16501,0.14731,0.18343,0.69398,-0.05059,0.55823,0.47282,0.65906,1.0,0.0001,0.0001,10000,prefecture,0.000211
カッパ,Kappa,1412,livelihood,Livelihood,exploratory,398,0.28187,0.25902,0.3059,270.675,0.19193,0.1721,0.21105,1.4704,0.09017,1.69134,1.50117,1.9056,0.0001,1.0,0.0001,10000,prefecture,0.000211
カッパ,Kappa,1412,dwelling,Dwelling,screened cell,247,0.17493,0.156,0.19562,336.662,0.23867,0.21742,0.25992,0.73367,-0.0635,0.63335,0.55083,0.72824,1.0,0.0001,0.0001,10000,prefecture,0.000211
カッパ,Kappa,1412,death_ritual,Death ritual,screened cell,109,0.0772,0.06439,0.09229,209.021,0.14802,0.13031,0.16572,0.52148,-0.07084,0.47251,0.38771,0.57587,1.0,0.0001,0.0001,10000,prefecture,0.000211
カッパ,Kappa,1412,taboo_time_weather,"Taboo, time, or weather",screened cell,182,0.1289,0.11242,0.14739,296.458,0.20963,0.1898,0.23017,0.61391,-0.08106,0.53055,0.45305,0.6213,1.0,0.0001,0.0001,10000,prefecture,0.000211
カッパ,Kappa,1412,actors,Actors,screened cell,410,0.29037,0.26729,0.31459,378.906,0.26841,0.24646,0.29108,1.08206,0.02202,1.09564,0.97416,1.23227,0.029397,0.973603,0.056094,10000,prefecture,0.07161
カッパ,Kappa,1412,actions,Actions,screened cell,127,0.08994,0.07611,0.106,156.784,0.11119,0.09561,0.12677,0.81003,-0.02109,0.7992,0.66379,0.96224,0.9969,0.0045,0.009999,10000,prefecture,0.014999
カッパ,Kappa,1412,strict_boundary_interface,Strict interface,screened cell,146,0.1034,0.08858,0.12037,172.103,0.12181,0.10552,0.1381,0.84833,-0.01849,0.72884,0.61228,0.86758,0.989301,0.013999,0.029297,10000,prefecture,0.038633
タヌキ,Tanuki,1268,hydrology,Water setting,screened cell,153,0.12066,0.10387,0.13975,257.679,0.20347,0.18218,0.22476,0.59376,-0.08255,0.50856,0.42859,0.60345,1.0,0.0001,0.0001,10000,prefecture,0.000211
タヌキ,Tanuki,1268,mobility,Mobility,screened cell,294,0.23186,0.20946,0.25588,217.856,0.17192,0.15221,0.19166,1.34952,0.06005,1.52071,1.33039,1.73825,0.0001,1.0,0.0001,10000,prefecture,0.000211
タヌキ,Tanuki,1268,boundary,Boundary,screened cell,196,0.15457,0.13572,0.17551,244.592,0.19243,0.17192,0.21372,0.80134,-0.03832,0.79744,0.68305,0.93098,0.9998,0.0003,0.0007,10000,prefecture,0.001273
タヌキ,Tanuki,1268,livelihood,Livelihood,screened cell,186,0.14669,0.12828,0.16723,234.445,0.18454,0.16404,0.20662,0.79336,-0.03821,0.71368,0.60936,0.83585,1.0,0.0001,0.0006,10000,prefecture,0.001125
タヌキ,Tanuki,1268,dwelling,Dwelling,screened cell,309,0.24369,0.22086,0.26807,311.719,0.24606,0.22319,0.26893,0.99128,-0.00214,0.97838,0.85852,1.11498,0.586041,0.441556,0.864714,10000,prefecture,0.886886
タヌキ,Tanuki,1268,death_ritual,Death ritual,screened cell,73,0.05757,0.04604,0.07178,186.145,0.14669,0.12855,0.16562,0.39217,-0.08923,0.34385,0.27095,0.43637,1.0,0.0001,0.0001,10000,prefecture,0.000211
タヌキ,Tanuki,1268,taboo_time_weather,"Taboo, time, or weather",screened cell,341,0.26893,0.24525,0.294,279.317,0.22003,0.19795,0.24211,1.22084,0.04865,1.36611,1.2032,1.55109,0.0001,1.0,0.0001,10000,prefecture,0.000211
タヌキ,Tanuki,1268,actors,Actors,screened cell,355,0.27997,0.25595,0.30532,341.683,0.26972,0.24604,0.29259,1.03897,0.0105,1.03855,0.91649,1.17687,0.19758,0.820418,0.409059,10000,prefecture,0.458758
タヌキ,Tanuki,1268,actions,Actions,screened cell,178,0.14038,0.12234,0.16059,137.396,0.10804,0.09227,0.12461,1.29552,0.03202,1.34914,1.147,1.58692,0.0003,0.9998,0.0003,10000,prefecture,0.00059
タヌキ,Tanuki,1268,strict_boundary_interface,Strict interface,screened cell,132,0.1041,0.08847,0.12212,176.123,0.1388,0.12145,0.15773,0.74948,-0.0348,0.73546,0.61245,0.88317,0.9999,0.0003,0.0008,10000,prefecture,0.001391
テング,Tengu,1224,hydrology,Water setting,screened cell,157,0.12827,0.11069,0.14817,252.744,0.2067,0.18464,0.22876,0.62118,-0.07822,0.54668,0.46137,0.64776,1.0,0.0001,0.0001,10000,prefecture,0.000211
テング,Tengu,1224,mobility,Mobility,screened cell,135,0.11029,0.09395,0.12908,197.928,0.16176,0.14216,0.18219,0.68206,-0.05141,0.60381,0.50375,0.72375,1.0,0.0001,0.0001,10000,prefecture,0.000211
テング,Tengu,1224,boundary,Boundary,screened cell,181,0.14788,0.12909,0.16886,232.91,0.19036,0.16993,0.2116,0.77713,-0.04241,0.75583,0.64389,0.88724,1.0,0.0001,0.0004,10000,prefecture,0.000762
テング,Tengu,1224,livelihood,Livelihood,screened cell,181,0.14788,0.12909,0.16886,224.162,0.18301,0.16258,0.20425,0.80745,-0.03526,0.72097,0.61423,0.84625,0.9996,0.0008,0.0025,10000,prefecture,0.004
テング,Tengu,1224,dwelling,Dwelling,screened cell,207,0.16912,0.14916,0.19115,292.153,0.23938,0.21569,0.26225,0.70853,-0.06957,0.60875,0.52314,0.70837,1.0,0.0001,0.0001,10000,prefecture,0.000211
テング,Tengu,1224,death_ritual,Death ritual,screened cell,35,0.02859,0.02063,0.03951,172.342,0.14052,0.12173,0.16013,0.20308,-0.11221,0.16444,0.11733,0.23046,1.0,0.0001,0.0001,10000,prefecture,0.000211
テング,Tengu,1224,taboo_time_weather,"Taboo, time, or weather",screened cell,266,0.21732,0.19512,0.24129,260.743,0.21324,0.19036,0.23611,1.02016,0.00429,1.01868,0.887,1.16992,0.363364,0.661934,0.746125,10000,prefecture,0.785395
テング,Tengu,1224,actors,Actors,screened cell,307,0.25082,0.22734,0.27586,324.965,0.26552,0.24183,0.28922,0.94472,-0.01468,0.88918,0.77958,1.01418,0.891811,0.122488,0.244376,10000,prefecture,0.276652
テング,Tengu,1224,actions,Actions,screened cell,124,0.10131,0.08563,0.11948,130.472,0.10621,0.08987,0.12337,0.9504,-0.00529,0.91671,0.75888,1.10735,0.748425,0.285271,0.59564,10000,prefecture,0.643936
テング,Tengu,1224,strict_boundary_interface,Strict interface,screened cell,136,0.11111,0.09471,0.12995,168.576,0.13807,0.11928,0.15605,0.80676,-0.02661,0.79327,0.66187,0.95075,0.998,0.0026,0.005,10000,prefecture,0.007791
オニ,Oni,807,hydrology,Water setting,screened cell,127,0.15737,0.13388,0.18411,168.76,0.20942,0.18092,0.23668,0.75255,-0.05175,0.70141,0.57927,0.84931,1.0,0.0001,0.0001,10000,prefecture,0.000211
オニ,Oni,807,mobility,Mobility,screened cell,195,0.24164,0.21337,0.27235,135.414,0.16729,0.1425,0.19331,1.44003,0.07384,1.5972,1.35589,1.88145,0.0001,1.0,0.0001,10000,prefecture,0.000211
オニ,Oni,807,boundary,Boundary,screened cell,179,0.22181,0.1945,0.25175,154.608,0.19083,0.16605,0.21809,1.15777,0.03023,1.26072,1.06531,1.49197,0.013999,0.988301,0.023298,10000,prefecture,0.031413
オニ,Oni,807,livelihood,Livelihood,screened cell,172,0.21314,0.18627,0.24271,155.156,0.19207,0.16605,0.21933,1.10856,0.02087,1.14139,0.96226,1.35387,0.068893,0.942606,0.130687,10000,prefecture,0.153749
オニ,Oni,807,dwelling,Dwelling,screened cell,236,0.29244,0.2621,0.32475,198.025,0.24535,0.21685,0.27388,1.19177,0.04706,1.26356,1.08348,1.47357,0.0016,0.9985,0.002,10000,prefecture,0.003287
オニ,Oni,807,death_ritual,Death ritual,screened cell,87,0.10781,0.08824,0.13109,117.568,0.14498,0.12268,0.16976,0.74,-0.03788,0.694,0.55442,0.86873,0.9985,0.0017,0.004,10000,prefecture,0.006315
オニ,Oni,807,taboo_time_weather,"Taboo, time, or weather",screened cell,172,0.21314,0.18627,0.24271,173.319,0.21437,0.18835,0.24287,0.99239,-0.00163,0.9929,0.83722,1.17753,0.564644,0.471153,0.964204,10000,prefecture,0.964204
オニ,Oni,807,actors,Actors,screened cell,239,0.29616,0.26568,0.32856,218.984,0.27138,0.2416,0.30235,1.09141,0.0248,1.12555,0.96579,1.31173,0.059194,0.949305,0.119288,10000,prefecture,0.143146
オニ,Oni,807,actions,Actions,screened cell,65,0.08055,0.0637,0.10137,84.902,0.10533,0.0855,0.12515,0.76559,-0.02466,0.7094,0.54923,0.91627,0.993201,0.009599,0.018698,10000,prefecture,0.02609
オニ,Oni,807,strict_boundary_interface,Strict interface,screened cell,137,0.16976,0.14544,0.19722,111.757,0.13879,0.11524,0.16233,1.22587,0.03128,1.31747,1.09329,1.58761,0.006299,0.9956,0.009799,10000,prefecture,0.014885
ヤマノカミ,Yama-no-kami,722,hydrology,Water setting,screened cell,93,0.12881,0.10632,0.15522,160.453,0.22161,0.19391,0.25208,0.57961,-0.09343,0.55363,0.44458,0.68943,1.0,0.0001,0.0001,10000,prefecture,0.000211
ヤマノカミ,Yama-no-kami,722,mobility,Mobility,screened cell,51,0.07064,0.05413,0.09169,115.078,0.15928,0.13296,0.1856,0.44318,-0.08875,0.37033,0.27817,0.49301,1.0,0.0001,0.0001,10000,prefecture,0.000211
ヤマノカミ,Yama-no-kami,722,boundary,Boundary,screened cell,93,0.12881,0.10632,0.15522,127.803,0.17729,0.15097,0.20499,0.72768,-0.0482,0.64471,0.51764,0.80298,0.9998,0.0004,0.0007,10000,prefecture,0.001273
ヤマノカミ,Yama-no-kami,722,livelihood,Livelihood,screened cell,213,0.29501,0.2629,0.32929,141.192,0.19529,0.16759,0.22438,1.50859,0.09946,1.78351,1.51629,2.09783,0.0001,1.0,0.0001,10000,prefecture,0.000211
ヤマノカミ,Yama-no-kami,722,dwelling,Dwelling,screened cell,121,0.16759,0.14212,0.19658,174.752,0.24238,0.21191,0.27285,0.69241,-0.07445,0.60607,0.49775,0.73796,1.0,0.0001,0.0001,10000,prefecture,0.000211
ヤマノカミ,Yama-no-kami,722,death_ritual,Death ritual,screened cell,20,0.0277,0.018,0.0424,98.954,0.13712,0.11357,0.16205,0.20211,-0.10935,0.1615,0.10344,0.25214,1.0,0.0001,0.0001,10000,prefecture,0.000211
ヤマノカミ,Yama-no-kami,722,taboo_time_weather,"Taboo, time, or weather",screened cell,155,0.21468,0.18628,0.2461,152.941,0.21191,0.18283,0.241,1.01346,0.00285,1.0023,0.83752,1.1995,0.438956,0.59924,0.888611,10000,prefecture,0.898297
ヤマノカミ,Yama-no-kami,722,actors,Actors,screened cell,205,0.28393,0.25225,0.3179,194.903,0.27008,0.23823,0.30194,1.0518,0.01398,1.05888,0.89908,1.24709,0.207879,0.817118,0.421258,10000,prefecture,0.468064
ヤマノカミ,Yama-no-kami,722,actions,Actions,screened cell,35,0.04848,0.03506,0.06667,73.623,0.10249,0.08033,0.12327,0.47539,-0.05349,0.40991,0.29136,0.57671,1.0,0.0001,0.0001,10000,prefecture,0.000211
ヤマノカミ,Yama-no-kami,722,strict_boundary_interface,Strict interface,screened cell,91,0.12604,0.10379,0.15224,92.434,0.12881,0.10526,0.15235,0.98448,-0.00199,0.9208,0.73744,1.14975,0.589141,0.453755,0.864714,10000,prefecture,0.886886
イヌガミ,Inugami,552,hydrology,Water setting,screened cell,39,0.07065,0.05211,0.09513,111.383,0.20109,0.16848,0.23551,0.35014,-0.13113,0.28372,0.20466,0.39332,1.0,0.0001,0.0001,10000,prefecture,0.000211
イヌガミ,Inugami,552,mobility,Mobility,screened cell,112,0.2029,0.17146,0.23845,91.838,0.16667,0.13768,0.19746,1.21954,0.03652,1.26467,1.02569,1.55935,0.009999,0.992301,0.020498,10000,prefecture,0.028273
イヌガミ,Inugami,552,boundary,Boundary,screened cell,64,0.11594,0.09185,0.14534,99.052,0.17935,0.14855,0.21014,0.64613,-0.0635,0.57218,0.44028,0.74359,1.0,0.0001,0.0001,10000,prefecture,0.000211
イヌガミ,Inugami,552,livelihood,Livelihood,screened cell,82,0.14855,0.12131,0.18065,103.271,0.18659,0.1558,0.2192,0.79403,-0.03853,0.72929,0.57588,0.92355,0.993901,0.008799,0.022398,10000,prefecture,0.030542
イヌガミ,Inugami,552,dwelling,Dwelling,screened cell,202,0.36594,0.32681,0.40692,134.401,0.24275,0.20833,0.27899,1.50296,0.12246,1.77281,1.48819,2.11185,0.0001,1.0,0.0001,10000,prefecture,0.000211
イヌガミ,Inugami,552,death_ritual,Death ritual,screened cell,47,0.08514,0.06463,0.11139,79.763,0.14493,0.11594,0.17391,0.58924,-0.05935,0.53426,0.39561,0.7215,1.0,0.0001,0.0001,10000,prefecture,0.000211
イヌガミ,Inugami,552,taboo_time_weather,"Taboo, time, or weather",screened cell,97,0.17572,0.14625,0.20968,117.659,0.21377,0.18116,0.24638,0.82441,-0.03743,0.7786,0.62436,0.97095,0.989601,0.012999,0.026497,10000,prefecture,0.03533
イヌガミ,Inugami,552,actors,Actors,screened cell,111,0.20109,0.16977,0.23654,144.519,0.26087,0.22645,0.29891,0.76806,-0.06072,0.66725,0.54111,0.8228,0.9995,0.0007,0.0014,10000,prefecture,0.002366
イヌガミ,Inugami,552,actions,Actions,screened cell,29,0.05254,0.03683,0.07443,59.093,0.10688,0.08333,0.13225,0.49076,-0.05452,0.44792,0.30769,0.65205,1.0,0.0001,0.0002,10000,prefecture,0.0004
イヌガミ,Inugami,552,strict_boundary_interface,Strict interface,screened cell,53,0.09601,0.07416,0.12346,72.591,0.13043,0.10507,0.15942,0.73012,-0.03549,0.67552,0.50804,0.89821,0.9964,0.005799,0.017998,10000,prefecture,0.025409
ネコ,Neko,466,hydrology,Water setting,screened cell,52,0.11159,0.08612,0.14341,99.7,0.21459,0.17811,0.25107,0.52157,-0.10236,0.47143,0.3529,0.62977,1.0,0.0001,0.0001,10000,prefecture,0.000211
ネコ,Neko,466,mobility,Mobility,screened cell,54,0.11588,0.08991,0.14813,79.798,0.17167,0.13948,0.20601,0.6767,-0.05536,0.64506,0.48503,0.85788,0.9995,0.0007,0.0018,10000,prefecture,0.003
ネコ,Neko,466,boundary,Boundary,screened cell,84,0.18026,0.14802,0.21773,87.513,0.18884,0.15451,0.22532,0.95986,-0.00754,0.96634,0.7618,1.22579,0.685731,0.360064,0.683432,10000,prefecture,0.732248
ネコ,Neko,466,livelihood,Livelihood,screened cell,52,0.11159,0.08612,0.14341,94.307,0.20172,0.16738,0.2382,0.55139,-0.09079,0.52366,0.39197,0.6996,1.0,0.0001,0.0001,10000,prefecture,0.000211
ネコ,Neko,466,dwelling,Dwelling,screened cell,137,0.29399,0.25445,0.33691,120.428,0.25751,0.22103,0.29828,1.13761,0.03556,1.26994,1.03884,1.55244,0.044396,0.964104,0.075592,10000,prefecture,0.094491
ネコ,Neko,466,death_ritual,Death ritual,screened cell,156,0.33476,0.29342,0.37881,66.238,0.14163,0.11159,0.17382,2.35513,0.19262,2.97549,2.44874,3.61555,0.0001,1.0,0.0001,10000,prefecture,0.000211
ネコ,Neko,466,taboo_time_weather,"Taboo, time, or weather",screened cell,117,0.25107,0.21385,0.29237,101.386,0.21674,0.1824,0.25536,1.15401,0.03351,1.23291,0.99834,1.52259,0.048595,0.961904,0.078392,10000,prefecture,0.09698
ネコ,Neko,466,actors,Actors,screened cell,98,0.2103,0.17574,0.24959,130.225,0.27897,0.2382,0.31974,0.75255,-0.06915,0.70711,0.56514,0.88474,0.9999,0.0002,0.0008,10000,prefecture,0.001391
ネコ,Neko,466,actions,Actions,screened cell,42,0.09013,0.06737,0.11959,45.954,0.09871,0.07296,0.12661,0.91397,-0.00848,0.80579,0.58574,1.1085,0.759024,0.292371,0.582242,10000,prefecture,0.635173
ネコ,Neko,466,strict_boundary_interface,Strict interface,screened cell,67,0.14378,0.11483,0.17855,63.884,0.13734,0.1073,0.16953,1.04878,0.00669,1.07512,0.8284,1.39534,0.356164,0.692331,0.729827,10000,prefecture,0.775038
ヒノタマ,Hitodama,249,hydrology,Water setting,screened cell,35,0.14056,0.10284,0.18921,52.042,0.20884,0.16064,0.26104,0.67254,-0.06844,0.61707,0.43123,0.883,0.9978,0.0042,0.010199,10000,prefecture,0.01511
ヒノタマ,Hitodama,249,mobility,Mobility,screened cell,34,0.13655,0.09939,0.18475,42.974,0.17269,0.1245,0.22088,0.79118,-0.03604,0.78109,0.54338,1.12279,0.945005,0.077392,0.147385,10000,prefecture,0.17006
ヒノタマ,Hitodama,249,boundary,Boundary,screened cell,58,0.23293,0.18473,0.28925,44.716,0.18072,0.13253,0.22892,1.29707,0.05335,1.33827,0.99623,1.79774,0.018998,0.986901,0.036196,10000,prefecture,0.046705
ヒノタマ,Hitodama,249,livelihood,Livelihood,screened cell,25,0.1004,0.06893,0.14401,46.715,0.18474,0.14056,0.23695,0.53515,-0.08721,0.46666,0.3084,0.70613,1.0,0.0002,0.0013,10000,prefecture,0.002228
ヒノタマ,Hitodama,249,dwelling,Dwelling,screened cell,58,0.23293,0.18473,0.28925,60.454,0.24096,0.18876,0.29719,0.95941,-0.00986,0.92228,0.68673,1.23862,0.667133,0.390061,0.820518,10000,prefecture,0.856193
ヒノタマ,Hitodama,249,death_ritual,Death ritual,screened cell,53,0.21285,0.16657,0.26786,38.669,0.15663,0.11245,0.2008,1.3706,0.05755,1.57136,1.15832,2.13169,0.009399,0.994401,0.017498,10000,prefecture,0.024998
ヒノタマ,Hitodama,249,taboo_time_weather,"Taboo, time, or weather",screened cell,80,0.32129,0.26638,0.38162,52.98,0.21285,0.16466,0.26506,1.50999,0.10851,1.74384,1.33483,2.27818,0.0001,1.0,0.0001,10000,prefecture,0.000211
ヒノタマ,Hitodama,249,actors,Actors,screened cell,37,0.14859,0.10977,0.1981,66.917,0.26908,0.21687,0.3253,0.55293,-0.12015,0.4633,0.32647,0.65749,1.0,0.0001,0.0001,10000,prefecture,0.000211
ヒノタマ,Hitodama,249,actions,Actions,screened cell,48,0.19277,0.14859,0.24629,29.508,0.11647,0.08032,0.15663,1.62667,0.07426,1.96064,1.42832,2.69135,0.0002,0.9999,0.0002,10000,prefecture,0.0004
ヒノタマ,Hitodama,249,strict_boundary_interface,Strict interface,screened cell,43,0.17269,0.13081,0.22452,33.224,0.13253,0.09237,0.17671,1.29425,0.03926,1.3383,0.96202,1.86177,0.041096,0.972003,0.071393,10000,prefecture,0.09018
