drop_rate,replicate,rank_correlation
0.1,1,0.98793
0.1,2,0.96654
0.1,3,0.98894
0.1,4,0.98965
0.1,5,0.94396
0.1,6,0.98631
0.1,7,0.9942
0.1,8,0.9521
0.1,9,0.92638
0.1,10,0.90479
0.1,11,0.93557
0.1,12,0.98114
0.1,13,0.93642
0.1,14,0.94208
0.1,15,0.98223
0.1,16,0.97857
0.1,17,0.93129
0.1,18,0.97114
0.1,19,0.93472
0.1,20,0.95375
0.1,21,0.9978
0.1,22,0.97335
0.1,23,0.96811
0.1,24,0.97969
0.1,25,0.98951
0.1,26,0.89028
0.1,27,0.97557
0.1,28,0.99076
0.1,29,0.98071
0.1,30,0.98062
0.1,31,0.94225
0.1,32,0.94309
0.1,33,0.98494
0.1,34,0.98719
0.1,35,0.98157
0.1,36,0.98358
0.1,37,0.9934
0.1,38,0.97969
0.1,39,0.98507
0.1,40,0.94246
0.1,41,0.99645
0.1,42,0.94808
0.1,43,0.98087
0.1,44,0.93549
0.1,45,0.98476
0.1,46,0.98504
0.1,47,0.98071
0.1,48,0.99519
0.1,49,0.94056
0.1,50,0.98088
0.1,51,0.9871
0.1,52,0.99901
0.1,53,0.92766
0.1,54,0.97597
0.1,55,0.96632
0.1,56,0.92516
0.1,57,0.9537
0.1,58,0.96803
0.1,59,0.99736
0.1,60,0.9979
0.1,61,0.94657
0.1,62,0.98817
0.1,63,0.96978
0.1,64,0.87822
0.1,65,0.92464
0.1,66,0.93133
0.1,67,0.9903
0.1,68,0.89614
0.1,69,0.95217
0.1,70,0.90945
0.1,71,0.9718
0.1,72,0.93552
0.1,73,0.9769
0.1,74,0.98851
0.1,75,0.95621
0.1,76,0.93032
0.1,77,0.99196
0.1,78,0.97835
0.1,79,0.98923
0.1,80,0.93216
0.1,81,0.91402
0.1,82,0.92439
0.1,83,0.95657
0.1,84,0.9739
0.1,85,0.97344
0.1,86,0.97723
0.1,87,0.99751
0.1,88,0.92374
0.1,89,0.98756
0.1,90,0.97677
0.1,91,0.99412
0.1,92,0.98776
0.1,93,0.97478
0.1,94,0.99315
0.1,95,0.96404
0.1,96,0.98085
0.1,97,0.96623
0.1,98,0.97635
0.1,99,0.97169
0.1,100,0.91746
0.2,1,0.97207
0.2,2,0.96502
0.2,3,0.86034
0.2,4,0.93948
0.2,5,0.9099
0.2,6,0.9565
0.2,7,0.92841
0.2,8,0.93534
0.2,9,0.89234
0.2,10,0.98501
0.2,11,0.95002
0.2,12,0.89507
0.2,13,0.96471
0.2,14,0.91398
0.2,15,0.93857
0.2,16,0.90006
0.2,17,0.96615
0.2,18,0.89213
0.2,19,0.95841
0.2,20,0.92636
0.2,21,0.96666
0.2,22,0.91495
0.2,23,0.96278
0.2,24,0.95088
0.2,25,0.9619
0.2,26,0.96257
0.2,27,0.94279
0.2,28,0.92688
0.2,29,0.93306
0.2,30,0.92964
0.2,31,0.94839
0.2,32,0.93599
0.2,33,0.91458
0.2,34,0.93555
0.2,35,0.97391
0.2,36,0.93219
0.2,37,0.98403
0.2,38,0.91785
0.2,39,0.92681
0.2,40,0.93997
0.2,41,0.95312
0.2,42,0.97126
0.2,43,0.94023
0.2,44,0.96798
0.2,45,0.94954
0.2,46,0.91176
0.2,47,0.93516
0.2,48,0.90985
0.2,49,0.89992
0.2,50,0.85276
0.2,51,0.98731
0.2,52,0.97427
0.2,53,0.88236
0.2,54,0.94312
0.2,55,0.9011
0.2,56,0.96391
0.2,57,0.95172
0.2,58,0.96477
0.2,59,0.94982
0.2,60,0.96373
0.2,61,0.90789
0.2,62,0.95793
0.2,63,0.98398
0.2,64,0.86176
0.2,65,0.95894
0.2,66,0.91667
0.2,67,0.97867
0.2,68,0.92832
0.2,69,0.95718
0.2,70,0.94766
0.2,71,0.98278
0.2,72,0.94843
0.2,73,0.85596
0.2,74,0.94618
0.2,75,0.93348
0.2,76,0.93335
0.2,77,0.95205
0.2,78,0.92384
0.2,79,0.92686
0.2,80,0.96505
0.2,81,0.96358
0.2,82,0.91094
0.2,83,0.84559
0.2,84,0.93491
0.2,85,0.94374
0.2,86,0.95524
0.2,87,0.94028
0.2,88,0.96808
0.2,89,0.91822
0.2,90,0.94685
0.2,91,0.99351
0.2,92,0.8811
0.2,93,0.92763
0.2,94,0.85388
0.2,95,0.94423
0.2,96,0.97551
0.2,97,0.98596
0.2,98,0.87957
0.2,99,0.91179
0.2,100,0.91349
0.3,1,0.80435
0.3,2,0.82802
0.3,3,0.83868
0.3,4,0.84805
0.3,5,0.94677
0.3,6,0.92245
0.3,7,0.7914
0.3,8,0.91209
0.3,9,0.83206
0.3,10,0.87047
0.3,11,0.94943
0.3,12,0.9109
0.3,13,0.85411
0.3,14,0.83713
0.3,15,0.86331
0.3,16,0.955
0.3,17,0.94007
0.3,18,0.88808
0.3,19,0.92699
0.3,20,0.88749
0.3,21,0.91399
0.3,22,0.97491
0.3,23,0.93538
0.3,24,0.84492
0.3,25,0.8848
0.3,26,0.81938
0.3,27,0.89329
0.3,28,0.9247
0.3,29,0.86242
0.3,30,0.94291
0.3,31,0.90674
0.3,32,0.86361
0.3,33,0.92878
0.3,34,0.90228
0.3,35,0.84978
0.3,36,0.92083
0.3,37,0.8754
0.3,38,0.95164
0.3,39,0.91891
0.3,40,0.8522
0.3,41,0.95523
0.3,42,0.92397
0.3,43,0.8275
0.3,44,0.89844
0.3,45,0.94242
0.3,46,0.86478
0.3,47,0.83375
0.3,48,0.89676
0.3,49,0.90653
0.3,50,0.80707
0.3,51,0.86945
0.3,52,0.92381
0.3,53,0.84282
0.3,54,0.93864
0.3,55,0.92283
0.3,56,0.93063
0.3,57,0.88874
0.3,58,0.82365
0.3,59,0.85493
0.3,60,0.75419
0.3,61,0.91549
0.3,62,0.92532
0.3,63,0.8826
0.3,64,0.90643
0.3,65,0.92915
0.3,66,0.94614
0.3,67,0.93756
0.3,68,0.66503
0.3,69,0.91235
0.3,70,0.76474
0.3,71,0.91221
0.3,72,0.95423
0.3,73,0.77573
0.3,74,0.97864
0.3,75,0.9248
0.3,76,0.91161
0.3,77,0.88705
0.3,78,0.84872
0.3,79,0.87907
0.3,80,0.90944
0.3,81,0.85534
0.3,82,0.81661
0.3,83,0.87615
0.3,84,0.91028
0.3,85,0.93911
0.3,86,0.87967
0.3,87,0.84371
0.3,88,0.95534
0.3,89,0.96442
0.3,90,0.86182
0.3,91,0.8731
0.3,92,0.79245
0.3,93,0.91253
0.3,94,0.90794
0.3,95,0.87493
0.3,96,0.81394
0.3,97,0.81426
0.3,98,0.94267
0.3,99,0.94143
0.3,100,0.85351
