reported_quantity,value,source_file,json_path
configuration.seed,20260730,results.json,configuration.seed
configuration.permutations,10000,results.json,configuration.permutations
configuration.robustness_replicates,100,results.json,configuration.robustness_replicates
configuration.polygon_sample_points_per_support,128,results.json,configuration.polygon_sample_points_per_support
configuration.coast_thresholds_km[0],5.0,results.json,configuration.coast_thresholds_km[0]
configuration.coast_thresholds_km[1],10.0,results.json,configuration.coast_thresholds_km[1]
configuration.coast_thresholds_km[2],20.0,results.json,configuration.coast_thresholds_km[2]
configuration.river_thresholds_km[0],1.0,results.json,configuration.river_thresholds_km[0]
configuration.river_thresholds_km[1],2.0,results.json,configuration.river_thresholds_km[1]
configuration.river_thresholds_km[2],5.0,results.json,configuration.river_thresholds_km[2]
configuration.water_thresholds_km[0],0.25,results.json,configuration.water_thresholds_km[0]
configuration.water_thresholds_km[1],0.5,results.json,configuration.water_thresholds_km[1]
configuration.water_thresholds_km[2],1.0,results.json,configuration.water_thresholds_km[2]
archive.raw_records,35305,results.json,archive.raw_records
archive.cleaned_records,33378,results.json,archive.cleaned_records
archive.excluded_records,1927,results.json,archive.excluded_records
archive.dropped_short_summary,141,results.json,archive.dropped_short_summary
archive.dropped_other_region,1786,results.json,archive.dropped_other_region
archive.minimum_summary_characters,10,results.json,archive.minimum_summary_characters
archive.location_resolution_record_counts.prefecture,32147,results.json,archive.location_resolution_record_counts.prefecture
archive.location_resolution_record_counts.municipality,1231,results.json,archive.location_resolution_record_counts.municipality
archive.municipality_matching.matched_records,1231,results.json,archive.municipality_matching.matched_records
archive.municipality_matching.unique_matched_units,452,results.json,archive.municipality_matching.unique_matched_units
archive.municipality_matching.method_record_counts.local_gadm_admin2_ner_exact,902,results.json,archive.municipality_matching.method_record_counts.local_gadm_admin2_ner_exact
archive.municipality_matching.method_record_counts.local_gadm_admin2_summary_exact,329,results.json,archive.municipality_matching.method_record_counts.local_gadm_admin2_summary_exact
archive.municipality_matching.municipality_type_record_counts.Shi,929,results.json,archive.municipality_matching.municipality_type_record_counts.Shi
archive.municipality_matching.municipality_type_record_counts.Machi,231,results.json,archive.municipality_matching.municipality_type_record_counts.Machi
archive.municipality_matching.municipality_type_record_counts.Mura,53,results.json,archive.municipality_matching.municipality_type_record_counts.Mura
archive.municipality_matching.municipality_type_record_counts.SpecialWard,18,results.json,archive.municipality_matching.municipality_type_record_counts.SpecialWard
archive.municipality_matching.municipality_type_unit_counts.Shi,278,results.json,archive.municipality_matching.municipality_type_unit_counts.Shi
archive.municipality_matching.municipality_type_unit_counts.Machi,134,results.json,archive.municipality_matching.municipality_type_unit_counts.Machi
archive.municipality_matching.municipality_type_unit_counts.Mura,32,results.json,archive.municipality_matching.municipality_type_unit_counts.Mura
archive.municipality_matching.municipality_type_unit_counts.SpecialWard,8,results.json,archive.municipality_matching.municipality_type_unit_counts.SpecialWard
archive.source_group_audit.raw_records,35305,results.json,archive.source_group_audit.raw_records
archive.source_group_audit.joined_language_records,33378,results.json,archive.source_group_audit.joined_language_records
archive.source_group_audit.usable_source_group_records,33328,results.json,archive.source_group_audit.usable_source_group_records
archive.source_group_audit.unusable_or_missing_source_group_records,50,results.json,archive.source_group_audit.unusable_or_missing_source_group_records
evidence_channels.counts.candidate_toponym_mentions,9361,results.json,evidence_channels.counts.candidate_toponym_mentions
evidence_channels.counts.place_description_evidence,25023,results.json,evidence_channels.counts.place_description_evidence
evidence_channels.counts.human_condition_evidence,16066,results.json,evidence_channels.counts.human_condition_evidence
evidence_channels.counts.broad_human_environment_interface,9518,results.json,evidence_channels.counts.broad_human_environment_interface
evidence_channels.counts.strict_interface_evidence,9047,results.json,evidence_channels.counts.strict_interface_evidence
evidence_channels.counts.strict_boundary_interface_evidence,4513,results.json,evidence_channels.counts.strict_boundary_interface_evidence
evidence_channels.percent.candidate_toponym_mentions,28.0,results.json,evidence_channels.percent.candidate_toponym_mentions
evidence_channels.percent.place_description_evidence,75.0,results.json,evidence_channels.percent.place_description_evidence
evidence_channels.percent.human_condition_evidence,48.1,results.json,evidence_channels.percent.human_condition_evidence
evidence_channels.percent.broad_human_environment_interface,28.5,results.json,evidence_channels.percent.broad_human_environment_interface
evidence_channels.percent.strict_interface_evidence,27.1,results.json,evidence_channels.percent.strict_interface_evidence
evidence_channels.percent.strict_boundary_interface_evidence,13.5,results.json,evidence_channels.percent.strict_boundary_interface_evidence
evidence_channels.textual_landscape_counts.any_textual_landscape_mention,20242,results.json,evidence_channels.textual_landscape_counts.any_textual_landscape_mention
evidence_channels.textual_landscape_counts.text_mentions_mountain,9156,results.json,evidence_channels.textual_landscape_counts.text_mentions_mountain
evidence_channels.textual_landscape_counts.text_mentions_water,7901,results.json,evidence_channels.textual_landscape_counts.text_mentions_water
evidence_channels.textual_landscape_counts.text_mentions_coast,2661,results.json,evidence_channels.textual_landscape_counts.text_mentions_coast
evidence_channels.textual_landscape_counts.text_mentions_boundary,4761,results.json,evidence_channels.textual_landscape_counts.text_mentions_boundary
evidence_channels.textual_landscape_counts.text_mentions_agrarian,5611,results.json,evidence_channels.textual_landscape_counts.text_mentions_agrarian
evidence_channels.textual_landscape_percent.any_textual_landscape_mention,60.6,results.json,evidence_channels.textual_landscape_percent.any_textual_landscape_mention
evidence_channels.textual_landscape_percent.text_mentions_mountain,27.4,results.json,evidence_channels.textual_landscape_percent.text_mentions_mountain
evidence_channels.textual_landscape_percent.text_mentions_water,23.7,results.json,evidence_channels.textual_landscape_percent.text_mentions_water
evidence_channels.textual_landscape_percent.text_mentions_coast,8.0,results.json,evidence_channels.textual_landscape_percent.text_mentions_coast
evidence_channels.textual_landscape_percent.text_mentions_boundary,14.3,results.json,evidence_channels.textual_landscape_percent.text_mentions_boundary
evidence_channels.textual_landscape_percent.text_mentions_agrarian,16.8,results.json,evidence_channels.textual_landscape_percent.text_mentions_agrarian
evidence_channels.language_extraction_audit.records_affected,0,results.json,evidence_channels.language_extraction_audit.records_affected
evidence_channels.language_extraction_audit.occurrences_removed,0,results.json,evidence_channels.language_extraction_audit.occurrences_removed
resolution_sensitivity.polygon_summary.support_units,499,results.json,resolution_sensitivity.polygon_summary.support_units
resolution_sensitivity.polygon_summary.support_units_by_resolution.municipality,452,results.json,resolution_sensitivity.polygon_summary.support_units_by_resolution.municipality
resolution_sensitivity.polygon_summary.support_units_by_resolution.prefecture,47,results.json,resolution_sensitivity.polygon_summary.support_units_by_resolution.prefecture
resolution_sensitivity.polygon_summary.samples_per_support,128,results.json,resolution_sensitivity.polygon_summary.samples_per_support
resolution_sensitivity.polygon_summary.municipality_comparisons,452,results.json,resolution_sensitivity.polygon_summary.municipality_comparisons
resolution_sensitivity.polygon_summary.support_area_reduction_percent.n,452,results.json,resolution_sensitivity.polygon_summary.support_area_reduction_percent.n
resolution_sensitivity.polygon_summary.support_area_reduction_percent.median,97.542,results.json,resolution_sensitivity.polygon_summary.support_area_reduction_percent.median
resolution_sensitivity.polygon_summary.support_area_reduction_percent.q25,94.648,results.json,resolution_sensitivity.polygon_summary.support_area_reduction_percent.q25
resolution_sensitivity.polygon_summary.support_area_reduction_percent.q75,98.908,results.json,resolution_sensitivity.polygon_summary.support_area_reduction_percent.q75
resolution_sensitivity.polygon_summary.absolute_change_sample_median_distance_to_coast_km.n,452,results.json,resolution_sensitivity.polygon_summary.absolute_change_sample_median_distance_to_coast_km.n
resolution_sensitivity.polygon_summary.absolute_change_sample_median_distance_to_coast_km.median,9.195,results.json,resolution_sensitivity.polygon_summary.absolute_change_sample_median_distance_to_coast_km.median
resolution_sensitivity.polygon_summary.absolute_change_sample_median_distance_to_coast_km.q25,4.245,results.json,resolution_sensitivity.polygon_summary.absolute_change_sample_median_distance_to_coast_km.q25
resolution_sensitivity.polygon_summary.absolute_change_sample_median_distance_to_coast_km.q75,16.954,results.json,resolution_sensitivity.polygon_summary.absolute_change_sample_median_distance_to_coast_km.q75
resolution_sensitivity.polygon_summary.absolute_change_sample_median_distance_to_major_water_km.n,452,results.json,resolution_sensitivity.polygon_summary.absolute_change_sample_median_distance_to_major_water_km.n
resolution_sensitivity.polygon_summary.absolute_change_sample_median_distance_to_major_water_km.median,0.063,results.json,resolution_sensitivity.polygon_summary.absolute_change_sample_median_distance_to_major_water_km.median
resolution_sensitivity.polygon_summary.absolute_change_sample_median_distance_to_major_water_km.q25,0.027,results.json,resolution_sensitivity.polygon_summary.absolute_change_sample_median_distance_to_major_water_km.q25
resolution_sensitivity.polygon_summary.absolute_change_sample_median_distance_to_major_water_km.q75,0.11,results.json,resolution_sensitivity.polygon_summary.absolute_change_sample_median_distance_to_major_water_km.q75
archive_language.focal_associations[0].category_n,1412,results.json,archive_language.focal_associations[0].category_n
archive_language.focal_associations[0].observed_count,1101,results.json,archive_language.focal_associations[0].observed_count
archive_language.focal_associations[0].observed_prevalence,0.77975,results.json,archive_language.focal_associations[0].observed_prevalence
archive_language.focal_associations[0].observed_prevalence_ci_low,0.75739,results.json,archive_language.focal_associations[0].observed_prevalence_ci_low
archive_language.focal_associations[0].observed_prevalence_ci_high,0.80059,results.json,archive_language.focal_associations[0].observed_prevalence_ci_high
archive_language.focal_associations[0].null_mean_count,326.154,results.json,archive_language.focal_associations[0].null_mean_count
archive_language.focal_associations[0].null_median_prevalence,0.23088,results.json,archive_language.focal_associations[0].null_median_prevalence
archive_language.focal_associations[0].null_prevalence_ci_low,0.21034,results.json,archive_language.focal_associations[0].null_prevalence_ci_low
archive_language.focal_associations[0].null_prevalence_ci_high,0.25212,results.json,archive_language.focal_associations[0].null_prevalence_ci_high
archive_language.focal_associations[0].observed_to_null_ratio,3.3757,results.json,archive_language.focal_associations[0].observed_to_null_ratio
archive_language.focal_associations[0].prevalence_difference,0.54876,results.json,archive_language.focal_associations[0].prevalence_difference
archive_language.focal_associations[0].odds_ratio,15.72207,results.json,archive_language.focal_associations[0].odds_ratio
archive_language.focal_associations[0].odds_ratio_ci_low,13.8192,results.json,archive_language.focal_associations[0].odds_ratio_ci_low
archive_language.focal_associations[0].odds_ratio_ci_high,17.88697,results.json,archive_language.focal_associations[0].odds_ratio_ci_high
archive_language.focal_associations[0].empirical_p_positive,0.0001,results.json,archive_language.focal_associations[0].empirical_p_positive
archive_language.focal_associations[0].empirical_p_negative,1.0,results.json,archive_language.focal_associations[0].empirical_p_negative
archive_language.focal_associations[0].empirical_p_two_sided,0.0001,results.json,archive_language.focal_associations[0].empirical_p_two_sided
archive_language.focal_associations[0].valid_permutations,10000,results.json,archive_language.focal_associations[0].valid_permutations
archive_language.focal_associations[0].benjamini_hochberg_q,0.000211,results.json,archive_language.focal_associations[0].benjamini_hochberg_q
archive_language.focal_associations[1].category_n,1641,results.json,archive_language.focal_associations[1].category_n
archive_language.focal_associations[1].observed_count,1233,results.json,archive_language.focal_associations[1].observed_count
archive_language.focal_associations[1].observed_prevalence,0.75137,results.json,archive_language.focal_associations[1].observed_prevalence
archive_language.focal_associations[1].observed_prevalence_ci_low,0.72989,results.json,archive_language.focal_associations[1].observed_prevalence_ci_low
archive_language.focal_associations[1].observed_prevalence_ci_high,0.77168,results.json,archive_language.focal_associations[1].observed_prevalence_ci_high
archive_language.focal_associations[1].null_mean_count,264.978,results.json,archive_language.focal_associations[1].null_mean_count
archive_language.focal_associations[1].null_median_prevalence,0.16149,results.json,archive_language.focal_associations[1].null_median_prevalence
archive_language.focal_associations[1].null_prevalence_ci_low,0.14503,results.json,archive_language.focal_associations[1].null_prevalence_ci_low
archive_language.focal_associations[1].null_prevalence_ci_high,0.17916,results.json,archive_language.focal_associations[1].null_prevalence_ci_high
archive_language.focal_associations[1].observed_to_null_ratio,4.65321,results.json,archive_language.focal_associations[1].observed_to_null_ratio
archive_language.focal_associations[1].prevalence_difference,0.5899,results.json,archive_language.focal_associations[1].prevalence_difference
archive_language.focal_associations[1].odds_ratio,23.01244,results.json,archive_language.focal_associations[1].odds_ratio
archive_language.focal_associations[1].odds_ratio_ci_low,20.46959,results.json,archive_language.focal_associations[1].odds_ratio_ci_low
archive_language.focal_associations[1].odds_ratio_ci_high,25.87116,results.json,archive_language.focal_associations[1].odds_ratio_ci_high
archive_language.focal_associations[1].empirical_p_positive,0.0001,results.json,archive_language.focal_associations[1].empirical_p_positive
archive_language.focal_associations[1].empirical_p_negative,1.0,results.json,archive_language.focal_associations[1].empirical_p_negative
archive_language.focal_associations[1].empirical_p_two_sided,0.0001,results.json,archive_language.focal_associations[1].empirical_p_two_sided
archive_language.focal_associations[1].valid_permutations,10000,results.json,archive_language.focal_associations[1].valid_permutations
archive_language.focal_associations[1].benjamini_hochberg_q,0.000211,results.json,archive_language.focal_associations[1].benjamini_hochberg_q
archive_language.focal_associations[2].category_n,2335,results.json,archive_language.focal_associations[2].category_n
archive_language.focal_associations[2].observed_count,430,results.json,archive_language.focal_associations[2].observed_count
archive_language.focal_associations[2].observed_prevalence,0.18415,results.json,archive_language.focal_associations[2].observed_prevalence
archive_language.focal_associations[2].observed_prevalence_ci_low,0.16896,results.json,archive_language.focal_associations[2].observed_prevalence_ci_low
archive_language.focal_associations[2].observed_prevalence_ci_high,0.20039,results.json,archive_language.focal_associations[2].observed_prevalence_ci_high
archive_language.focal_associations[2].null_mean_count,321.467,results.json,archive_language.focal_associations[2].null_mean_count
archive_language.focal_associations[2].null_median_prevalence,0.13747,results.json,archive_language.focal_associations[2].null_median_prevalence
archive_language.focal_associations[2].null_prevalence_ci_low,0.1242,results.json,archive_language.focal_associations[2].null_prevalence_ci_low
archive_language.focal_associations[2].null_prevalence_ci_high,0.15118,results.json,archive_language.focal_associations[2].null_prevalence_ci_high
archive_language.focal_associations[2].observed_to_null_ratio,1.33762,results.json,archive_language.focal_associations[2].observed_to_null_ratio
archive_language.focal_associations[2].prevalence_difference,0.04648,results.json,archive_language.focal_associations[2].prevalence_difference
archive_language.focal_associations[2].odds_ratio,1.49044,results.json,archive_language.focal_associations[2].odds_ratio
archive_language.focal_associations[2].odds_ratio_ci_low,1.33559,results.json,archive_language.focal_associations[2].odds_ratio_ci_low
archive_language.focal_associations[2].odds_ratio_ci_high,1.66324,results.json,archive_language.focal_associations[2].odds_ratio_ci_high
archive_language.focal_associations[2].empirical_p_positive,0.0001,results.json,archive_language.focal_associations[2].empirical_p_positive
archive_language.focal_associations[2].empirical_p_negative,1.0,results.json,archive_language.focal_associations[2].empirical_p_negative
archive_language.focal_associations[2].empirical_p_two_sided,0.0001,results.json,archive_language.focal_associations[2].empirical_p_two_sided
archive_language.focal_associations[2].valid_permutations,10000,results.json,archive_language.focal_associations[2].valid_permutations
archive_language.focal_associations[2].benjamini_hochberg_q,0.000211,results.json,archive_language.focal_associations[2].benjamini_hochberg_q
archive_language.focal_associations[3].category_n,1412,results.json,archive_language.focal_associations[3].category_n
archive_language.focal_associations[3].observed_count,398,results.json,archive_language.focal_associations[3].observed_count
archive_language.focal_associations[3].observed_prevalence,0.28187,results.json,archive_language.focal_associations[3].observed_prevalence
archive_language.focal_associations[3].observed_prevalence_ci_low,0.25902,results.json,archive_language.focal_associations[3].observed_prevalence_ci_low
archive_language.focal_associations[3].observed_prevalence_ci_high,0.3059,results.json,archive_language.focal_associations[3].observed_prevalence_ci_high
archive_language.focal_associations[3].null_mean_count,270.675,results.json,archive_language.focal_associations[3].null_mean_count
archive_language.focal_associations[3].null_median_prevalence,0.19193,results.json,archive_language.focal_associations[3].null_median_prevalence
archive_language.focal_associations[3].null_prevalence_ci_low,0.1721,results.json,archive_language.focal_associations[3].null_prevalence_ci_low
archive_language.focal_associations[3].null_prevalence_ci_high,0.21105,results.json,archive_language.focal_associations[3].null_prevalence_ci_high
archive_language.focal_associations[3].observed_to_null_ratio,1.4704,results.json,archive_language.focal_associations[3].observed_to_null_ratio
archive_language.focal_associations[3].prevalence_difference,0.09017,results.json,archive_language.focal_associations[3].prevalence_difference
archive_language.focal_associations[3].odds_ratio,1.69134,results.json,archive_language.focal_associations[3].odds_ratio
archive_language.focal_associations[3].odds_ratio_ci_low,1.50117,results.json,archive_language.focal_associations[3].odds_ratio_ci_low
archive_language.focal_associations[3].odds_ratio_ci_high,1.9056,results.json,archive_language.focal_associations[3].odds_ratio_ci_high
archive_language.focal_associations[3].empirical_p_positive,0.0001,results.json,archive_language.focal_associations[3].empirical_p_positive
archive_language.focal_associations[3].empirical_p_negative,1.0,results.json,archive_language.focal_associations[3].empirical_p_negative
archive_language.focal_associations[3].empirical_p_two_sided,0.0001,results.json,archive_language.focal_associations[3].empirical_p_two_sided
archive_language.focal_associations[3].valid_permutations,10000,results.json,archive_language.focal_associations[3].valid_permutations
archive_language.focal_associations[3].benjamini_hochberg_q,0.000211,results.json,archive_language.focal_associations[3].benjamini_hochberg_q
archive_language.focal_associations[4].category_n,807,results.json,archive_language.focal_associations[4].category_n
archive_language.focal_associations[4].observed_count,195,results.json,archive_language.focal_associations[4].observed_count
archive_language.focal_associations[4].observed_prevalence,0.24164,results.json,archive_language.focal_associations[4].observed_prevalence
archive_language.focal_associations[4].observed_prevalence_ci_low,0.21337,results.json,archive_language.focal_associations[4].observed_prevalence_ci_low
archive_language.focal_associations[4].observed_prevalence_ci_high,0.27235,results.json,archive_language.focal_associations[4].observed_prevalence_ci_high
archive_language.focal_associations[4].null_mean_count,135.414,results.json,archive_language.focal_associations[4].null_mean_count
archive_language.focal_associations[4].null_median_prevalence,0.16729,results.json,archive_language.focal_associations[4].null_median_prevalence
archive_language.focal_associations[4].null_prevalence_ci_low,0.1425,results.json,archive_language.focal_associations[4].null_prevalence_ci_low
archive_language.focal_associations[4].null_prevalence_ci_high,0.19331,results.json,archive_language.focal_associations[4].null_prevalence_ci_high
archive_language.focal_associations[4].observed_to_null_ratio,1.44003,results.json,archive_language.focal_associations[4].observed_to_null_ratio
archive_language.focal_associations[4].prevalence_difference,0.07384,results.json,archive_language.focal_associations[4].prevalence_difference
archive_language.focal_associations[4].odds_ratio,1.5972,results.json,archive_language.focal_associations[4].odds_ratio
archive_language.focal_associations[4].odds_ratio_ci_low,1.35589,results.json,archive_language.focal_associations[4].odds_ratio_ci_low
archive_language.focal_associations[4].odds_ratio_ci_high,1.88145,results.json,archive_language.focal_associations[4].odds_ratio_ci_high
archive_language.focal_associations[4].empirical_p_positive,0.0001,results.json,archive_language.focal_associations[4].empirical_p_positive
archive_language.focal_associations[4].empirical_p_negative,1.0,results.json,archive_language.focal_associations[4].empirical_p_negative
archive_language.focal_associations[4].empirical_p_two_sided,0.0001,results.json,archive_language.focal_associations[4].empirical_p_two_sided
archive_language.focal_associations[4].valid_permutations,10000,results.json,archive_language.focal_associations[4].valid_permutations
archive_language.focal_associations[4].benjamini_hochberg_q,0.000211,results.json,archive_language.focal_associations[4].benjamini_hochberg_q
archive_language.focal_associations[5].category_n,552,results.json,archive_language.focal_associations[5].category_n
archive_language.focal_associations[5].observed_count,202,results.json,archive_language.focal_associations[5].observed_count
archive_language.focal_associations[5].observed_prevalence,0.36594,results.json,archive_language.focal_associations[5].observed_prevalence
archive_language.focal_associations[5].observed_prevalence_ci_low,0.32681,results.json,archive_language.focal_associations[5].observed_prevalence_ci_low
archive_language.focal_associations[5].observed_prevalence_ci_high,0.40692,results.json,archive_language.focal_associations[5].observed_prevalence_ci_high
archive_language.focal_associations[5].null_mean_count,134.401,results.json,archive_language.focal_associations[5].null_mean_count
archive_language.focal_associations[5].null_median_prevalence,0.24275,results.json,archive_language.focal_associations[5].null_median_prevalence
archive_language.focal_associations[5].null_prevalence_ci_low,0.20833,results.json,archive_language.focal_associations[5].null_prevalence_ci_low
archive_language.focal_associations[5].null_prevalence_ci_high,0.27899,results.json,archive_language.focal_associations[5].null_prevalence_ci_high
archive_language.focal_associations[5].observed_to_null_ratio,1.50296,results.json,archive_language.focal_associations[5].observed_to_null_ratio
archive_language.focal_associations[5].prevalence_difference,0.12246,results.json,archive_language.focal_associations[5].prevalence_difference
archive_language.focal_associations[5].odds_ratio,1.77281,results.json,archive_language.focal_associations[5].odds_ratio
archive_language.focal_associations[5].odds_ratio_ci_low,1.48819,results.json,archive_language.focal_associations[5].odds_ratio_ci_low
archive_language.focal_associations[5].odds_ratio_ci_high,2.11185,results.json,archive_language.focal_associations[5].odds_ratio_ci_high
archive_language.focal_associations[5].empirical_p_positive,0.0001,results.json,archive_language.focal_associations[5].empirical_p_positive
archive_language.focal_associations[5].empirical_p_negative,1.0,results.json,archive_language.focal_associations[5].empirical_p_negative
archive_language.focal_associations[5].empirical_p_two_sided,0.0001,results.json,archive_language.focal_associations[5].empirical_p_two_sided
archive_language.focal_associations[5].valid_permutations,10000,results.json,archive_language.focal_associations[5].valid_permutations
archive_language.focal_associations[5].benjamini_hochberg_q,0.000211,results.json,archive_language.focal_associations[5].benjamini_hochberg_q
archive_language.focal_associations[6].category_n,249,results.json,archive_language.focal_associations[6].category_n
archive_language.focal_associations[6].observed_count,80,results.json,archive_language.focal_associations[6].observed_count
archive_language.focal_associations[6].observed_prevalence,0.32129,results.json,archive_language.focal_associations[6].observed_prevalence
archive_language.focal_associations[6].observed_prevalence_ci_low,0.26638,results.json,archive_language.focal_associations[6].observed_prevalence_ci_low
archive_language.focal_associations[6].observed_prevalence_ci_high,0.38162,results.json,archive_language.focal_associations[6].observed_prevalence_ci_high
archive_language.focal_associations[6].null_mean_count,52.98,results.json,archive_language.focal_associations[6].null_mean_count
archive_language.focal_associations[6].null_median_prevalence,0.21285,results.json,archive_language.focal_associations[6].null_median_prevalence
archive_language.focal_associations[6].null_prevalence_ci_low,0.16466,results.json,archive_language.focal_associations[6].null_prevalence_ci_low
archive_language.focal_associations[6].null_prevalence_ci_high,0.26506,results.json,archive_language.focal_associations[6].null_prevalence_ci_high
archive_language.focal_associations[6].observed_to_null_ratio,1.50999,results.json,archive_language.focal_associations[6].observed_to_null_ratio
archive_language.focal_associations[6].prevalence_difference,0.10851,results.json,archive_language.focal_associations[6].prevalence_difference
archive_language.focal_associations[6].odds_ratio,1.74384,results.json,archive_language.focal_associations[6].odds_ratio
archive_language.focal_associations[6].odds_ratio_ci_low,1.33483,results.json,archive_language.focal_associations[6].odds_ratio_ci_low
archive_language.focal_associations[6].odds_ratio_ci_high,2.27818,results.json,archive_language.focal_associations[6].odds_ratio_ci_high
archive_language.focal_associations[6].empirical_p_positive,0.0001,results.json,archive_language.focal_associations[6].empirical_p_positive
archive_language.focal_associations[6].empirical_p_negative,1.0,results.json,archive_language.focal_associations[6].empirical_p_negative
archive_language.focal_associations[6].empirical_p_two_sided,0.0001,results.json,archive_language.focal_associations[6].empirical_p_two_sided
archive_language.focal_associations[6].valid_permutations,10000,results.json,archive_language.focal_associations[6].valid_permutations
archive_language.focal_associations[6].benjamini_hochberg_q,0.000211,results.json,archive_language.focal_associations[6].benjamini_hochberg_q
archive_language.kappa_water_distance_diagnostic.admin2_records,1231,results.json,archive_language.kappa_water_distance_diagnostic.admin2_records
archive_language.kappa_water_distance_diagnostic.kappa_records,48,results.json,archive_language.kappa_water_distance_diagnostic.kappa_records
archive_language.kappa_water_distance_diagnostic.observed_median_km,0.371,results.json,archive_language.kappa_water_distance_diagnostic.observed_median_km
archive_language.kappa_water_distance_diagnostic.null_distribution_median_km,0.283,results.json,archive_language.kappa_water_distance_diagnostic.null_distribution_median_km
archive_language.kappa_water_distance_diagnostic.null_interval_95_km[0],0.218,results.json,archive_language.kappa_water_distance_diagnostic.null_interval_95_km[0]
archive_language.kappa_water_distance_diagnostic.null_interval_95_km[1],0.377,results.json,archive_language.kappa_water_distance_diagnostic.null_interval_95_km[1]
archive_language.kappa_water_distance_diagnostic.one_sided_p_smaller,0.932307,results.json,archive_language.kappa_water_distance_diagnostic.one_sided_p_smaller
archive_language.kappa_water_distance_diagnostic.two_sided_p,0.089191,results.json,archive_language.kappa_water_distance_diagnostic.two_sided_p
archive_language.kappa_water_distance_diagnostic.requested_permutations,10000,results.json,archive_language.kappa_water_distance_diagnostic.requested_permutations
archive_language.kappa_water_distance_diagnostic.valid_permutations,10000,results.json,archive_language.kappa_water_distance_diagnostic.valid_permutations
archive_language.kappa_water_distance_diagnostic.seed,20960730,results.json,archive_language.kappa_water_distance_diagnostic.seed
archive_language.robustness.replicates_per_drop_rate,100,results.json,archive_language.robustness.replicates_per_drop_rate
archive_language.robustness.seed,21160730,results.json,archive_language.robustness.seed
archive_language.robustness.mask_audit.records_affected,13140,results.json,archive_language.robustness.mask_audit.records_affected
archive_language.robustness.mask_audit.occurrences_removed,22974,results.json,archive_language.robustness.mask_audit.occurrences_removed
archive_language.robustness.name_masking[0].effect_ratio,2.72963,results.json,archive_language.robustness.name_masking[0].effect_ratio
archive_language.robustness.name_masking[0].full_dictionary_effect_ratio,3.3757,results.json,archive_language.robustness.name_masking[0].full_dictionary_effect_ratio
archive_language.robustness.name_masking[0].relative_to_full,0.80861,results.json,archive_language.robustness.name_masking[0].relative_to_full
archive_language.robustness.name_masking[1].effect_ratio,3.56911,results.json,archive_language.robustness.name_masking[1].effect_ratio
archive_language.robustness.name_masking[1].full_dictionary_effect_ratio,4.65321,results.json,archive_language.robustness.name_masking[1].full_dictionary_effect_ratio
archive_language.robustness.name_masking[1].relative_to_full,0.76702,results.json,archive_language.robustness.name_masking[1].relative_to_full
archive_language.robustness.name_masking[2].effect_ratio,1.34955,results.json,archive_language.robustness.name_masking[2].effect_ratio
archive_language.robustness.name_masking[2].full_dictionary_effect_ratio,1.33762,results.json,archive_language.robustness.name_masking[2].full_dictionary_effect_ratio
archive_language.robustness.name_masking[2].relative_to_full,1.00892,results.json,archive_language.robustness.name_masking[2].relative_to_full
archive_language.robustness.name_masking[3].effect_ratio,1.4704,results.json,archive_language.robustness.name_masking[3].effect_ratio
archive_language.robustness.name_masking[3].full_dictionary_effect_ratio,1.4704,results.json,archive_language.robustness.name_masking[3].full_dictionary_effect_ratio
archive_language.robustness.name_masking[3].relative_to_full,1.0,results.json,archive_language.robustness.name_masking[3].relative_to_full
archive_language.robustness.dictionary_drop_summary[0].drop_rate,0.1,results.json,archive_language.robustness.dictionary_drop_summary[0].drop_rate
archive_language.robustness.dictionary_drop_summary[0].replicates,100,results.json,archive_language.robustness.dictionary_drop_summary[0].replicates
archive_language.robustness.dictionary_drop_summary[0].effect_ratio_median,3.47394,results.json,archive_language.robustness.dictionary_drop_summary[0].effect_ratio_median
archive_language.robustness.dictionary_drop_summary[0].effect_ratio_q25,3.43043,results.json,archive_language.robustness.dictionary_drop_summary[0].effect_ratio_q25
archive_language.robustness.dictionary_drop_summary[0].effect_ratio_q75,3.67094,results.json,archive_language.robustness.dictionary_drop_summary[0].effect_ratio_q75
archive_language.robustness.dictionary_drop_summary[0].effect_ratio_min,2.7764,results.json,archive_language.robustness.dictionary_drop_summary[0].effect_ratio_min
archive_language.robustness.dictionary_drop_summary[0].effect_ratio_max,3.98976,results.json,archive_language.robustness.dictionary_drop_summary[0].effect_ratio_max
archive_language.robustness.dictionary_drop_summary[0].positive_association_share,1.0,results.json,archive_language.robustness.dictionary_drop_summary[0].positive_association_share
archive_language.robustness.dictionary_drop_summary[0].relative_to_full_median,1.0291,results.json,archive_language.robustness.dictionary_drop_summary[0].relative_to_full_median
archive_language.robustness.dictionary_drop_summary[1].drop_rate,0.1,results.json,archive_language.robustness.dictionary_drop_summary[1].drop_rate
archive_language.robustness.dictionary_drop_summary[1].replicates,100,results.json,archive_language.robustness.dictionary_drop_summary[1].replicates
archive_language.robustness.dictionary_drop_summary[1].effect_ratio_median,4.74693,results.json,archive_language.robustness.dictionary_drop_summary[1].effect_ratio_median
archive_language.robustness.dictionary_drop_summary[1].effect_ratio_q25,4.65321,results.json,archive_language.robustness.dictionary_drop_summary[1].effect_ratio_q25
archive_language.robustness.dictionary_drop_summary[1].effect_ratio_q75,4.77123,results.json,archive_language.robustness.dictionary_drop_summary[1].effect_ratio_q75
archive_language.robustness.dictionary_drop_summary[1].effect_ratio_min,2.71507,results.json,archive_language.robustness.dictionary_drop_summary[1].effect_ratio_min
archive_language.robustness.dictionary_drop_summary[1].effect_ratio_max,5.12818,results.json,archive_language.robustness.dictionary_drop_summary[1].effect_ratio_max
archive_language.robustness.dictionary_drop_summary[1].positive_association_share,1.0,results.json,archive_language.robustness.dictionary_drop_summary[1].positive_association_share
archive_language.robustness.dictionary_drop_summary[1].relative_to_full_median,1.02014,results.json,archive_language.robustness.dictionary_drop_summary[1].relative_to_full_median
archive_language.robustness.dictionary_drop_summary[2].drop_rate,0.1,results.json,archive_language.robustness.dictionary_drop_summary[2].drop_rate
archive_language.robustness.dictionary_drop_summary[2].replicates,100,results.json,archive_language.robustness.dictionary_drop_summary[2].replicates
archive_language.robustness.dictionary_drop_summary[2].effect_ratio_median,1.3501,results.json,archive_language.robustness.dictionary_drop_summary[2].effect_ratio_median
archive_language.robustness.dictionary_drop_summary[2].effect_ratio_q25,1.31843,results.json,archive_language.robustness.dictionary_drop_summary[2].effect_ratio_q25
archive_language.robustness.dictionary_drop_summary[2].effect_ratio_q75,1.42636,results.json,archive_language.robustness.dictionary_drop_summary[2].effect_ratio_q75
archive_language.robustness.dictionary_drop_summary[2].effect_ratio_min,1.04137,results.json,archive_language.robustness.dictionary_drop_summary[2].effect_ratio_min
archive_language.robustness.dictionary_drop_summary[2].effect_ratio_max,1.64067,results.json,archive_language.robustness.dictionary_drop_summary[2].effect_ratio_max
archive_language.robustness.dictionary_drop_summary[2].positive_association_share,1.0,results.json,archive_language.robustness.dictionary_drop_summary[2].positive_association_share
archive_language.robustness.dictionary_drop_summary[2].relative_to_full_median,1.00934,results.json,archive_language.robustness.dictionary_drop_summary[2].relative_to_full_median
archive_language.robustness.dictionary_drop_summary[3].drop_rate,0.1,results.json,archive_language.robustness.dictionary_drop_summary[3].drop_rate
archive_language.robustness.dictionary_drop_summary[3].replicates,100,results.json,archive_language.robustness.dictionary_drop_summary[3].replicates
archive_language.robustness.dictionary_drop_summary[3].effect_ratio_median,1.49162,results.json,archive_language.robustness.dictionary_drop_summary[3].effect_ratio_median
archive_language.robustness.dictionary_drop_summary[3].effect_ratio_q25,1.4761,results.json,archive_language.robustness.dictionary_drop_summary[3].effect_ratio_q25
archive_language.robustness.dictionary_drop_summary[3].effect_ratio_q75,1.55105,results.json,archive_language.robustness.dictionary_drop_summary[3].effect_ratio_q75
archive_language.robustness.dictionary_drop_summary[3].effect_ratio_min,0.78996,results.json,archive_language.robustness.dictionary_drop_summary[3].effect_ratio_min
archive_language.robustness.dictionary_drop_summary[3].effect_ratio_max,1.70952,results.json,archive_language.robustness.dictionary_drop_summary[3].effect_ratio_max
archive_language.robustness.dictionary_drop_summary[3].positive_association_share,0.87,results.json,archive_language.robustness.dictionary_drop_summary[3].positive_association_share
archive_language.robustness.dictionary_drop_summary[3].relative_to_full_median,1.01444,results.json,archive_language.robustness.dictionary_drop_summary[3].relative_to_full_median
archive_language.robustness.dictionary_drop_summary[4].drop_rate,0.2,results.json,archive_language.robustness.dictionary_drop_summary[4].drop_rate
archive_language.robustness.dictionary_drop_summary[4].replicates,100,results.json,archive_language.robustness.dictionary_drop_summary[4].replicates
archive_language.robustness.dictionary_drop_summary[4].effect_ratio_median,3.53722,results.json,archive_language.robustness.dictionary_drop_summary[4].effect_ratio_median
archive_language.robustness.dictionary_drop_summary[4].effect_ratio_q25,3.45212,results.json,archive_language.robustness.dictionary_drop_summary[4].effect_ratio_q25
archive_language.robustness.dictionary_drop_summary[4].effect_ratio_q75,3.78272,results.json,archive_language.robustness.dictionary_drop_summary[4].effect_ratio_q75
archive_language.robustness.dictionary_drop_summary[4].effect_ratio_min,1.7919,results.json,archive_language.robustness.dictionary_drop_summary[4].effect_ratio_min
archive_language.robustness.dictionary_drop_summary[4].effect_ratio_max,4.30733,results.json,archive_language.robustness.dictionary_drop_summary[4].effect_ratio_max
archive_language.robustness.dictionary_drop_summary[4].positive_association_share,1.0,results.json,archive_language.robustness.dictionary_drop_summary[4].positive_association_share
archive_language.robustness.dictionary_drop_summary[4].relative_to_full_median,1.04784,results.json,archive_language.robustness.dictionary_drop_summary[4].relative_to_full_median
archive_language.robustness.dictionary_drop_summary[5].drop_rate,0.2,results.json,archive_language.robustness.dictionary_drop_summary[5].drop_rate
archive_language.robustness.dictionary_drop_summary[5].replicates,100,results.json,archive_language.robustness.dictionary_drop_summary[5].replicates
archive_language.robustness.dictionary_drop_summary[5].effect_ratio_median,4.87793,results.json,archive_language.robustness.dictionary_drop_summary[5].effect_ratio_median
archive_language.robustness.dictionary_drop_summary[5].effect_ratio_q25,2.90793,results.json,archive_language.robustness.dictionary_drop_summary[5].effect_ratio_q25
archive_language.robustness.dictionary_drop_summary[5].effect_ratio_q75,5.00313,results.json,archive_language.robustness.dictionary_drop_summary[5].effect_ratio_q75
archive_language.robustness.dictionary_drop_summary[5].effect_ratio_min,2.13981,results.json,archive_language.robustness.dictionary_drop_summary[5].effect_ratio_min
archive_language.robustness.dictionary_drop_summary[5].effect_ratio_max,5.5654,results.json,archive_language.robustness.dictionary_drop_summary[5].effect_ratio_max
archive_language.robustness.dictionary_drop_summary[5].positive_association_share,1.0,results.json,archive_language.robustness.dictionary_drop_summary[5].positive_association_share
archive_language.robustness.dictionary_drop_summary[5].relative_to_full_median,1.04829,results.json,archive_language.robustness.dictionary_drop_summary[5].relative_to_full_median
archive_language.robustness.dictionary_drop_summary[6].drop_rate,0.2,results.json,archive_language.robustness.dictionary_drop_summary[6].drop_rate
archive_language.robustness.dictionary_drop_summary[6].replicates,100,results.json,archive_language.robustness.dictionary_drop_summary[6].replicates
archive_language.robustness.dictionary_drop_summary[6].effect_ratio_median,1.35815,results.json,archive_language.robustness.dictionary_drop_summary[6].effect_ratio_median
archive_language.robustness.dictionary_drop_summary[6].effect_ratio_q25,1.26697,results.json,archive_language.robustness.dictionary_drop_summary[6].effect_ratio_q25
archive_language.robustness.dictionary_drop_summary[6].effect_ratio_q75,1.44675,results.json,archive_language.robustness.dictionary_drop_summary[6].effect_ratio_q75
archive_language.robustness.dictionary_drop_summary[6].effect_ratio_min,0.96796,results.json,archive_language.robustness.dictionary_drop_summary[6].effect_ratio_min
archive_language.robustness.dictionary_drop_summary[6].effect_ratio_max,1.7775,results.json,archive_language.robustness.dictionary_drop_summary[6].effect_ratio_max
archive_language.robustness.dictionary_drop_summary[6].positive_association_share,0.99,results.json,archive_language.robustness.dictionary_drop_summary[6].positive_association_share
archive_language.robustness.dictionary_drop_summary[6].relative_to_full_median,1.01535,results.json,archive_language.robustness.dictionary_drop_summary[6].relative_to_full_median
archive_language.robustness.dictionary_drop_summary[7].drop_rate,0.2,results.json,archive_language.robustness.dictionary_drop_summary[7].drop_rate
archive_language.robustness.dictionary_drop_summary[7].replicates,100,results.json,archive_language.robustness.dictionary_drop_summary[7].replicates
archive_language.robustness.dictionary_drop_summary[7].effect_ratio_median,1.52005,results.json,archive_language.robustness.dictionary_drop_summary[7].effect_ratio_median
archive_language.robustness.dictionary_drop_summary[7].effect_ratio_q25,1.4885,results.json,archive_language.robustness.dictionary_drop_summary[7].effect_ratio_q25
archive_language.robustness.dictionary_drop_summary[7].effect_ratio_q75,1.57195,results.json,archive_language.robustness.dictionary_drop_summary[7].effect_ratio_q75
archive_language.robustness.dictionary_drop_summary[7].effect_ratio_min,0.72623,results.json,archive_language.robustness.dictionary_drop_summary[7].effect_ratio_min
archive_language.robustness.dictionary_drop_summary[7].effect_ratio_max,1.86573,results.json,archive_language.robustness.dictionary_drop_summary[7].effect_ratio_max
archive_language.robustness.dictionary_drop_summary[7].positive_association_share,0.85,results.json,archive_language.robustness.dictionary_drop_summary[7].positive_association_share
archive_language.robustness.dictionary_drop_summary[7].relative_to_full_median,1.03377,results.json,archive_language.robustness.dictionary_drop_summary[7].relative_to_full_median
archive_language.robustness.dictionary_drop_summary[8].drop_rate,0.3,results.json,archive_language.robustness.dictionary_drop_summary[8].drop_rate
archive_language.robustness.dictionary_drop_summary[8].replicates,100,results.json,archive_language.robustness.dictionary_drop_summary[8].replicates
archive_language.robustness.dictionary_drop_summary[8].effect_ratio_median,3.72975,results.json,archive_language.robustness.dictionary_drop_summary[8].effect_ratio_median
archive_language.robustness.dictionary_drop_summary[8].effect_ratio_q25,3.10022,results.json,archive_language.robustness.dictionary_drop_summary[8].effect_ratio_q25
archive_language.robustness.dictionary_drop_summary[8].effect_ratio_q75,4.00432,results.json,archive_language.robustness.dictionary_drop_summary[8].effect_ratio_q75
archive_language.robustness.dictionary_drop_summary[8].effect_ratio_min,1.30088,results.json,archive_language.robustness.dictionary_drop_summary[8].effect_ratio_min
archive_language.robustness.dictionary_drop_summary[8].effect_ratio_max,5.46143,results.json,archive_language.robustness.dictionary_drop_summary[8].effect_ratio_max
archive_language.robustness.dictionary_drop_summary[8].positive_association_share,1.0,results.json,archive_language.robustness.dictionary_drop_summary[8].positive_association_share
archive_language.robustness.dictionary_drop_summary[8].relative_to_full_median,1.10488,results.json,archive_language.robustness.dictionary_drop_summary[8].relative_to_full_median
archive_language.robustness.dictionary_drop_summary[9].drop_rate,0.3,results.json,archive_language.robustness.dictionary_drop_summary[9].drop_rate
archive_language.robustness.dictionary_drop_summary[9].replicates,100,results.json,archive_language.robustness.dictionary_drop_summary[9].replicates
archive_language.robustness.dictionary_drop_summary[9].effect_ratio_median,4.99957,results.json,archive_language.robustness.dictionary_drop_summary[9].effect_ratio_median
archive_language.robustness.dictionary_drop_summary[9].effect_ratio_q25,3.10079,results.json,archive_language.robustness.dictionary_drop_summary[9].effect_ratio_q25
archive_language.robustness.dictionary_drop_summary[9].effect_ratio_q75,5.29593,results.json,archive_language.robustness.dictionary_drop_summary[9].effect_ratio_q75
archive_language.robustness.dictionary_drop_summary[9].effect_ratio_min,2.23606,results.json,archive_language.robustness.dictionary_drop_summary[9].effect_ratio_min
archive_language.robustness.dictionary_drop_summary[9].effect_ratio_max,5.88795,results.json,archive_language.robustness.dictionary_drop_summary[9].effect_ratio_max
archive_language.robustness.dictionary_drop_summary[9].positive_association_share,1.0,results.json,archive_language.robustness.dictionary_drop_summary[9].positive_association_share
archive_language.robustness.dictionary_drop_summary[9].relative_to_full_median,1.07443,results.json,archive_language.robustness.dictionary_drop_summary[9].relative_to_full_median
archive_language.robustness.dictionary_drop_summary[10].drop_rate,0.3,results.json,archive_language.robustness.dictionary_drop_summary[10].drop_rate
archive_language.robustness.dictionary_drop_summary[10].replicates,100,results.json,archive_language.robustness.dictionary_drop_summary[10].replicates
archive_language.robustness.dictionary_drop_summary[10].effect_ratio_median,1.36061,results.json,archive_language.robustness.dictionary_drop_summary[10].effect_ratio_median
archive_language.robustness.dictionary_drop_summary[10].effect_ratio_q25,1.24754,results.json,archive_language.robustness.dictionary_drop_summary[10].effect_ratio_q25
archive_language.robustness.dictionary_drop_summary[10].effect_ratio_q75,1.47787,results.json,archive_language.robustness.dictionary_drop_summary[10].effect_ratio_q75
archive_language.robustness.dictionary_drop_summary[10].effect_ratio_min,0.96416,results.json,archive_language.robustness.dictionary_drop_summary[10].effect_ratio_min
archive_language.robustness.dictionary_drop_summary[10].effect_ratio_max,1.79616,results.json,archive_language.robustness.dictionary_drop_summary[10].effect_ratio_max
archive_language.robustness.dictionary_drop_summary[10].positive_association_share,0.98,results.json,archive_language.robustness.dictionary_drop_summary[10].positive_association_share
archive_language.robustness.dictionary_drop_summary[10].relative_to_full_median,1.01719,results.json,archive_language.robustness.dictionary_drop_summary[10].relative_to_full_median
archive_language.robustness.dictionary_drop_summary[11].drop_rate,0.3,results.json,archive_language.robustness.dictionary_drop_summary[11].drop_rate
archive_language.robustness.dictionary_drop_summary[11].replicates,100,results.json,archive_language.robustness.dictionary_drop_summary[11].replicates
archive_language.robustness.dictionary_drop_summary[11].effect_ratio_median,1.58022,results.json,archive_language.robustness.dictionary_drop_summary[11].effect_ratio_median
archive_language.robustness.dictionary_drop_summary[11].effect_ratio_q25,0.91805,results.json,archive_language.robustness.dictionary_drop_summary[11].effect_ratio_q25
archive_language.robustness.dictionary_drop_summary[11].effect_ratio_q75,1.70575,results.json,archive_language.robustness.dictionary_drop_summary[11].effect_ratio_q75
archive_language.robustness.dictionary_drop_summary[11].effect_ratio_min,0.68318,results.json,archive_language.robustness.dictionary_drop_summary[11].effect_ratio_min
archive_language.robustness.dictionary_drop_summary[11].effect_ratio_max,1.92313,results.json,archive_language.robustness.dictionary_drop_summary[11].effect_ratio_max
archive_language.robustness.dictionary_drop_summary[11].positive_association_share,0.7,results.json,archive_language.robustness.dictionary_drop_summary[11].positive_association_share
archive_language.robustness.dictionary_drop_summary[11].relative_to_full_median,1.07469,results.json,archive_language.robustness.dictionary_drop_summary[11].relative_to_full_median
archive_language.robustness.rank_correlation_summary[0].drop_rate,0.1,results.json,archive_language.robustness.rank_correlation_summary[0].drop_rate
archive_language.robustness.rank_correlation_summary[0].replicates,100,results.json,archive_language.robustness.rank_correlation_summary[0].replicates
archive_language.robustness.rank_correlation_summary[0].rank_correlation_median,0.97518,results.json,archive_language.robustness.rank_correlation_summary[0].rank_correlation_median
archive_language.robustness.rank_correlation_summary[0].rank_correlation_q25,0.94241,results.json,archive_language.robustness.rank_correlation_summary[0].rank_correlation_q25
archive_language.robustness.rank_correlation_summary[0].rank_correlation_q75,0.98651,results.json,archive_language.robustness.rank_correlation_summary[0].rank_correlation_q75
archive_language.robustness.rank_correlation_summary[0].rank_correlation_min,0.87822,results.json,archive_language.robustness.rank_correlation_summary[0].rank_correlation_min
archive_language.robustness.rank_correlation_summary[0].rank_correlation_max,0.99901,results.json,archive_language.robustness.rank_correlation_summary[0].rank_correlation_max
archive_language.robustness.rank_correlation_summary[1].drop_rate,0.2,results.json,archive_language.robustness.rank_correlation_summary[1].drop_rate
archive_language.robustness.rank_correlation_summary[1].replicates,100,results.json,archive_language.robustness.rank_correlation_summary[1].replicates
archive_language.robustness.rank_correlation_summary[1].rank_correlation_median,0.94026,results.json,archive_language.robustness.rank_correlation_summary[1].rank_correlation_median
archive_language.robustness.rank_correlation_summary[1].rank_correlation_q25,0.91624,results.json,archive_language.robustness.rank_correlation_summary[1].rank_correlation_q25
archive_language.robustness.rank_correlation_summary[1].rank_correlation_q75,0.96262,results.json,archive_language.robustness.rank_correlation_summary[1].rank_correlation_q75
archive_language.robustness.rank_correlation_summary[1].rank_correlation_min,0.84559,results.json,archive_language.robustness.rank_correlation_summary[1].rank_correlation_min
archive_language.robustness.rank_correlation_summary[1].rank_correlation_max,0.99351,results.json,archive_language.robustness.rank_correlation_summary[1].rank_correlation_max
archive_language.robustness.rank_correlation_summary[2].drop_rate,0.3,results.json,archive_language.robustness.rank_correlation_summary[2].drop_rate
archive_language.robustness.rank_correlation_summary[2].replicates,100,results.json,archive_language.robustness.rank_correlation_summary[2].replicates
archive_language.robustness.rank_correlation_summary[2].rank_correlation_median,0.89502,results.json,archive_language.robustness.rank_correlation_summary[2].rank_correlation_median
archive_language.robustness.rank_correlation_summary[2].rank_correlation_q25,0.85159,results.json,archive_language.robustness.rank_correlation_summary[2].rank_correlation_q25
archive_language.robustness.rank_correlation_summary[2].rank_correlation_q75,0.92493,results.json,archive_language.robustness.rank_correlation_summary[2].rank_correlation_q75
archive_language.robustness.rank_correlation_summary[2].rank_correlation_min,0.66503,results.json,archive_language.robustness.rank_correlation_summary[2].rank_correlation_min
archive_language.robustness.rank_correlation_summary[2].rank_correlation_max,0.97864,results.json,archive_language.robustness.rank_correlation_summary[2].rank_correlation_max
archive_language.robustness.interface_definition_ablation[0].snake_dragon_effect_ratio,1.68297,results.json,archive_language.robustness.interface_definition_ablation[0].snake_dragon_effect_ratio
archive_language.robustness.interface_definition_ablation[1].snake_dragon_effect_ratio,1.33762,results.json,archive_language.robustness.interface_definition_ablation[1].snake_dragon_effect_ratio
archive_language.robustness.interface_definition_ablation[2].snake_dragon_effect_ratio,1.8335,results.json,archive_language.robustness.interface_definition_ablation[2].snake_dragon_effect_ratio
